market_key,market,scenario_id,scenario,is_baseline,sensitivity_parameter,sensitivity_value,n,epsilon,d_I,d_J,replication,strategy,interactions_total,interactions_per_customer,welfare,optimal_welfare,welfare_ratio,welfare_regret,match_rate,runtime_ms,baseline_prediction,centralized_sufficient_condition,z,rejections,acceptances,displacements,provider_initiated_contacts,recommendations_per_customer,accepted_recommendations
airbnb,Airbnb / short-term rentals,airbnb_dj_0.20,"d_I=0.10, d_J=0.20",False,d_J (with d_I fixed at 0.10),0.2,25,0.1,0.1,0.2,0,Customers search,158,6.32,18.6,18.6,1.0,0.0,1.0,0.6673000025330111,Customers search,False,,106.0,52.0,27.0,,,
airbnb,Airbnb / short-term rentals,airbnb_dj_0.20,"d_I=0.10, d_J=0.20",False,d_J (with d_I fixed at 0.10),0.2,25,0.1,0.1,0.2,0,Providers search,232,9.28,18.6,18.6,1.0,0.0,1.0,1.1750999983632937,Customers search,False,,149.0,83.0,58.0,,,
airbnb,Airbnb / short-term rentals,airbnb_dj_0.20,"d_I=0.10, d_J=0.20",False,d_J (with d_I fixed at 0.10),0.2,25,0.1,0.1,0.2,0,Both sides search,188,7.52,18.6,18.6,1.0,0.0,1.0,0.29769999673590064,Customers search,False,0.4,0.0,57.0,32.0,131.0,,
airbnb,Airbnb / short-term rentals,airbnb_dj_0.20,"d_I=0.10, d_J=0.20",False,d_J (with d_I fixed at 0.10),0.2,25,0.1,0.1,0.2,0,Centralized matching,625,25.0,10.0,18.6,0.5376344086021505,0.4623655913978495,0.4,0.6575000006705523,Customers search,False,,,,,,25.0,16.0
airbnb,Airbnb / short-term rentals,airbnb_dj_0.40,"d_I=0.10, d_J=0.40",False,d_J (with d_I fixed at 0.10),0.4,25,0.1,0.1,0.4,0,Customers search,107,4.28,20.200000000000003,20.200000000000003,1.0,0.0,1.0,0.38360000326065347,Customers search,False,,56.0,51.0,26.0,,,
airbnb,Airbnb / short-term rentals,airbnb_dj_0.40,"d_I=0.10, d_J=0.40",False,d_J (with d_I fixed at 0.10),0.4,25,0.1,0.1,0.4,0,Providers search,204,8.16,20.200000000000003,20.200000000000003,1.0,0.0,1.0,0.6492999964393675,Customers search,False,,165.0,39.0,14.0,,,
airbnb,Airbnb / short-term rentals,airbnb_dj_0.40,"d_I=0.10, d_J=0.40",False,d_J (with d_I fixed at 0.10),0.4,25,0.1,0.1,0.4,0,Both sides search,298,11.92,20.2,20.200000000000003,0.9999999999999998,2.220446049250313e-16,1.0,0.23550000332761556,Customers search,False,0.4,0.0,53.0,28.0,245.0,,
airbnb,Airbnb / short-term rentals,airbnb_dj_0.40,"d_I=0.10, d_J=0.40",False,d_J (with d_I fixed at 0.10),0.4,25,0.1,0.1,0.4,0,Centralized matching,625,25.0,13.0,20.200000000000003,0.6435643564356435,0.35643564356435653,0.52,0.5577000047196634,Customers search,False,,,,,,25.0,23.0
airbnb,Airbnb / short-term rentals,airbnb_dj_0.60,"d_I=0.10, d_J=0.60",False,d_J (with d_I fixed at 0.10),0.6,25,0.1,0.1,0.6,0,Customers search,74,2.96,21.400000000000002,21.400000000000002,1.0,0.0,1.0,0.26700000307755545,Customers search,False,,27.0,47.0,22.0,,,
airbnb,Airbnb / short-term rentals,airbnb_dj_0.60,"d_I=0.10, d_J=0.60",False,d_J (with d_I fixed at 0.10),0.6,25,0.1,0.1,0.6,0,Providers search,258,10.32,21.400000000000002,21.400000000000002,1.0,0.0,1.0,0.8353000011993572,Customers search,False,,222.0,36.0,11.0,,,
airbnb,Airbnb / short-term rentals,airbnb_dj_0.60,"d_I=0.10, d_J=0.60",False,d_J (with d_I fixed at 0.10),0.6,25,0.1,0.1,0.6,0,Both sides search,74,2.96,21.400000000000002,21.400000000000002,1.0,0.0,1.0,0.27209999825572595,Customers search,False,0.0,27.0,47.0,22.0,0.0,,
airbnb,Airbnb / short-term rentals,airbnb_dj_0.60,"d_I=0.10, d_J=0.60",False,d_J (with d_I fixed at 0.10),0.6,25,0.1,0.1,0.6,0,Centralized matching,625,25.0,16.0,21.400000000000002,0.7476635514018691,0.25233644859813087,0.64,0.4031999997096136,Customers search,False,,,,,,25.0,32.0
airbnb,Airbnb / short-term rentals,airbnb_dj_0.80,"d_I=0.10, d_J=0.80",True,d_J (with d_I fixed at 0.10),0.8,25,0.1,0.1,0.8,0,Customers search,74,2.96,22.2,22.2,1.0,0.0,1.0,0.2825999981723726,Customers search,False,,12.0,62.0,37.0,,,
airbnb,Airbnb / short-term rentals,airbnb_dj_0.80,"d_I=0.10, d_J=0.80",True,d_J (with d_I fixed at 0.10),0.8,25,0.1,0.1,0.8,0,Providers search,330,13.2,22.2,22.2,1.0,0.0,1.0,1.0729999994509853,Customers search,False,,289.0,41.0,16.0,,,
airbnb,Airbnb / short-term rentals,airbnb_dj_0.80,"d_I=0.10, d_J=0.80",True,d_J (with d_I fixed at 0.10),0.8,25,0.1,0.1,0.8,0,Both sides search,74,2.96,22.2,22.2,1.0,0.0,1.0,0.3228999994462356,Customers search,False,0.0,12.0,62.0,37.0,0.0,,
airbnb,Airbnb / short-term rentals,airbnb_dj_0.80,"d_I=0.10, d_J=0.80",True,d_J (with d_I fixed at 0.10),0.8,25,0.1,0.1,0.8,0,Centralized matching,625,25.0,18.0,22.2,0.8108108108108109,0.18918918918918914,0.72,0.4360000020824373,Customers search,False,,,,,,25.0,46.0
airbnb,Airbnb / short-term rentals,airbnb_dj_1.00,"d_I=0.10, d_J=1.00",False,d_J (with d_I fixed at 0.10),1.0,25,0.1,0.1,1.0,0,Customers search,67,2.68,23.4,23.400000000000002,0.9999999999999999,1.1102230246251565e-16,1.0,0.2631999959703535,Customers search,False,,0.0,67.0,42.0,,,
airbnb,Airbnb / short-term rentals,airbnb_dj_1.00,"d_I=0.10, d_J=1.00",False,d_J (with d_I fixed at 0.10),1.0,25,0.1,0.1,1.0,0,Providers search,393,15.72,23.400000000000002,23.400000000000002,1.0,0.0,1.0,1.752900003339164,Customers search,False,,343.0,50.0,25.0,,,
airbnb,Airbnb / short-term rentals,airbnb_dj_1.00,"d_I=0.10, d_J=1.00",False,d_J (with d_I fixed at 0.10),1.0,25,0.1,0.1,1.0,0,Both sides search,67,2.68,23.4,23.400000000000002,0.9999999999999999,1.1102230246251565e-16,1.0,0.30449999758275226,Customers search,False,0.0,0.0,67.0,42.0,0.0,,
airbnb,Airbnb / short-term rentals,airbnb_dj_1.00,"d_I=0.10, d_J=1.00",False,d_J (with d_I fixed at 0.10),1.0,25,0.1,0.1,1.0,0,Centralized matching,625,25.0,21.0,23.400000000000002,0.8974358974358974,0.10256410256410264,0.84,0.4743999961647205,Customers search,False,,,,,,25.0,60.0
airbnb,Airbnb / short-term rentals,airbnb_dj_0.20,"d_I=0.10, d_J=0.20",False,d_J (with d_I fixed at 0.10),0.2,25,0.1,0.1,0.2,1,Customers search,197,7.88,18.599999999999998,19.0,0.9789473684210526,0.021052631578947434,1.0,0.6437999982153997,Customers search,False,,135.0,62.0,37.0,,,
airbnb,Airbnb / short-term rentals,airbnb_dj_0.20,"d_I=0.10, d_J=0.20",False,d_J (with d_I fixed at 0.10),0.2,25,0.1,0.1,0.2,1,Providers search,238,9.52,19.0,19.0,1.0,0.0,1.0,0.9878000055323355,Customers search,False,,169.0,69.0,44.0,,,
airbnb,Airbnb / short-term rentals,airbnb_dj_0.20,"d_I=0.10, d_J=0.20",False,d_J (with d_I fixed at 0.10),0.2,25,0.1,0.1,0.2,1,Both sides search,209,8.36,19.0,19.0,1.0,0.0,1.0,0.5263999992166646,Customers search,False,0.4,0.0,78.0,53.0,131.0,,
airbnb,Airbnb / short-term rentals,airbnb_dj_0.20,"d_I=0.10, d_J=0.20",False,d_J (with d_I fixed at 0.10),0.2,25,0.1,0.1,0.2,1,Centralized matching,625,25.0,11.0,19.0,0.5789473684210527,0.42105263157894735,0.44,0.5196000056457706,Customers search,False,,,,,,25.0,15.0
airbnb,Airbnb / short-term rentals,airbnb_dj_0.40,"d_I=0.10, d_J=0.40",False,d_J (with d_I fixed at 0.10),0.4,25,0.1,0.1,0.4,1,Customers search,120,4.8,20.200000000000003,20.200000000000003,1.0,0.0,1.0,0.39989999640965834,Customers search,False,,66.0,54.0,29.0,,,
airbnb,Airbnb / short-term rentals,airbnb_dj_0.40,"d_I=0.10, d_J=0.40",False,d_J (with d_I fixed at 0.10),0.4,25,0.1,0.1,0.4,1,Providers search,183,7.32,20.200000000000003,20.200000000000003,1.0,0.0,1.0,0.5700000037904829,Customers search,False,,151.0,32.0,7.0,,,
airbnb,Airbnb / short-term rentals,airbnb_dj_0.40,"d_I=0.10, d_J=0.40",False,d_J (with d_I fixed at 0.10),0.4,25,0.1,0.1,0.4,1,Both sides search,291,11.64,20.200000000000003,20.200000000000003,1.0,0.0,1.0,0.19320000137668103,Customers search,False,0.4,0.0,46.0,21.0,245.0,,
airbnb,Airbnb / short-term rentals,airbnb_dj_0.40,"d_I=0.10, d_J=0.40",False,d_J (with d_I fixed at 0.10),0.4,25,0.1,0.1,0.4,1,Centralized matching,625,25.0,13.0,20.200000000000003,0.6435643564356435,0.35643564356435653,0.52,0.3859999997075647,Customers search,False,,,,,,25.0,23.0
airbnb,Airbnb / short-term rentals,airbnb_dj_0.60,"d_I=0.10, d_J=0.60",False,d_J (with d_I fixed at 0.10),0.6,25,0.1,0.1,0.6,1,Customers search,90,3.6,21.8,21.800000000000004,0.9999999999999999,1.1102230246251565e-16,1.0,0.32920000376179814,Customers search,False,,27.0,63.0,38.0,,,
airbnb,Airbnb / short-term rentals,airbnb_dj_0.60,"d_I=0.10, d_J=0.60",False,d_J (with d_I fixed at 0.10),0.6,25,0.1,0.1,0.6,1,Providers search,254,10.16,21.800000000000004,21.800000000000004,1.0,0.0,1.0,0.7912000000942498,Customers search,False,,215.0,39.0,14.0,,,
airbnb,Airbnb / short-term rentals,airbnb_dj_0.60,"d_I=0.10, d_J=0.60",False,d_J (with d_I fixed at 0.10),0.6,25,0.1,0.1,0.6,1,Both sides search,90,3.6,21.8,21.800000000000004,0.9999999999999999,1.1102230246251565e-16,1.0,0.34020000020973384,Customers search,False,0.0,27.0,63.0,38.0,0.0,,
airbnb,Airbnb / short-term rentals,airbnb_dj_0.60,"d_I=0.10, d_J=0.60",False,d_J (with d_I fixed at 0.10),0.6,25,0.1,0.1,0.6,1,Centralized matching,625,25.0,17.0,21.800000000000004,0.7798165137614678,0.22018348623853223,0.68,0.3680000008898787,Customers search,False,,,,,,25.0,41.0
airbnb,Airbnb / short-term rentals,airbnb_dj_0.80,"d_I=0.10, d_J=0.80",True,d_J (with d_I fixed at 0.10),0.8,25,0.1,0.1,0.8,1,Customers search,91,3.64,22.200000000000003,22.200000000000003,1.0,0.0,1.0,0.30530000367434695,Customers search,False,,20.0,71.0,46.0,,,
airbnb,Airbnb / short-term rentals,airbnb_dj_0.80,"d_I=0.10, d_J=0.80",True,d_J (with d_I fixed at 0.10),0.8,25,0.1,0.1,0.8,1,Providers search,300,12.0,22.200000000000003,22.200000000000003,1.0,0.0,1.0,0.9352999986731447,Customers search,False,,263.0,37.0,12.0,,,
airbnb,Airbnb / short-term rentals,airbnb_dj_0.80,"d_I=0.10, d_J=0.80",True,d_J (with d_I fixed at 0.10),0.8,25,0.1,0.1,0.8,1,Both sides search,91,3.64,22.200000000000003,22.200000000000003,1.0,0.0,1.0,0.3045999983442016,Customers search,False,0.0,20.0,71.0,46.0,0.0,,
airbnb,Airbnb / short-term rentals,airbnb_dj_0.80,"d_I=0.10, d_J=0.80",True,d_J (with d_I fixed at 0.10),0.8,25,0.1,0.1,0.8,1,Centralized matching,625,25.0,18.0,22.200000000000003,0.8108108108108107,0.18918918918918926,0.72,0.3842000005533919,Customers search,False,,,,,,25.0,52.0
airbnb,Airbnb / short-term rentals,airbnb_dj_1.00,"d_I=0.10, d_J=1.00",False,d_J (with d_I fixed at 0.10),1.0,25,0.1,0.1,1.0,1,Customers search,43,1.72,24.2,24.2,1.0,0.0,1.0,0.15729999722680077,Customers search,False,,0.0,43.0,18.0,,,
airbnb,Airbnb / short-term rentals,airbnb_dj_1.00,"d_I=0.10, d_J=1.00",False,d_J (with d_I fixed at 0.10),1.0,25,0.1,0.1,1.0,1,Providers search,410,16.4,24.2,24.2,1.0,0.0,1.0,1.2160999976913445,Customers search,False,,354.0,56.0,31.0,,,
airbnb,Airbnb / short-term rentals,airbnb_dj_1.00,"d_I=0.10, d_J=1.00",False,d_J (with d_I fixed at 0.10),1.0,25,0.1,0.1,1.0,1,Both sides search,43,1.72,24.2,24.2,1.0,0.0,1.0,0.18389999604551122,Customers search,False,0.0,0.0,43.0,18.0,0.0,,
airbnb,Airbnb / short-term rentals,airbnb_dj_1.00,"d_I=0.10, d_J=1.00",False,d_J (with d_I fixed at 0.10),1.0,25,0.1,0.1,1.0,1,Centralized matching,625,25.0,23.0,24.2,0.9504132231404959,0.04958677685950408,0.92,0.3952999977627769,Customers search,False,,,,,,25.0,71.0
airbnb,Airbnb / short-term rentals,airbnb_dj_0.20,"d_I=0.10, d_J=0.20",False,d_J (with d_I fixed at 0.10),0.2,25,0.1,0.1,0.2,2,Customers search,135,5.4,17.4,17.4,1.0,0.0,1.0,0.6033000026945956,Customers search,False,,87.0,48.0,23.0,,,
airbnb,Airbnb / short-term rentals,airbnb_dj_0.20,"d_I=0.10, d_J=0.20",False,d_J (with d_I fixed at 0.10),0.2,25,0.1,0.1,0.2,2,Providers search,185,7.4,17.4,17.4,1.0,0.0,1.0,1.0851000042748637,Customers search,False,,144.0,41.0,16.0,,,
airbnb,Airbnb / short-term rentals,airbnb_dj_0.20,"d_I=0.10, d_J=0.20",False,d_J (with d_I fixed at 0.10),0.2,25,0.1,0.1,0.2,2,Both sides search,189,7.56,17.4,17.4,1.0,0.0,1.0,0.3504999986034818,Customers search,False,0.4,0.0,45.0,20.0,144.0,,
airbnb,Airbnb / short-term rentals,airbnb_dj_0.20,"d_I=0.10, d_J=0.20",False,d_J (with d_I fixed at 0.10),0.2,25,0.1,0.1,0.2,2,Centralized matching,625,25.0,6.0,17.4,0.3448275862068966,0.6551724137931034,0.24,0.4702000005636364,Customers search,False,,,,,,25.0,6.0
airbnb,Airbnb / short-term rentals,airbnb_dj_0.40,"d_I=0.10, d_J=0.40",False,d_J (with d_I fixed at 0.10),0.4,25,0.1,0.1,0.4,2,Customers search,79,3.16,20.200000000000003,20.200000000000003,1.0,0.0,1.0,0.2708999963942915,Customers search,False,,33.0,46.0,21.0,,,
airbnb,Airbnb / short-term rentals,airbnb_dj_0.40,"d_I=0.10, d_J=0.40",False,d_J (with d_I fixed at 0.10),0.4,25,0.1,0.1,0.4,2,Providers search,230,9.2,20.200000000000003,20.200000000000003,1.0,0.0,1.0,0.6971999973757192,Customers search,False,,194.0,36.0,11.0,,,
airbnb,Airbnb / short-term rentals,airbnb_dj_0.40,"d_I=0.10, d_J=0.40",False,d_J (with d_I fixed at 0.10),0.4,25,0.1,0.1,0.4,2,Both sides search,311,12.44,20.200000000000003,20.200000000000003,1.0,0.0,1.0,0.15380000695586205,Customers search,False,0.4,0.0,38.0,13.0,273.0,,
airbnb,Airbnb / short-term rentals,airbnb_dj_0.40,"d_I=0.10, d_J=0.40",False,d_J (with d_I fixed at 0.10),0.4,25,0.1,0.1,0.4,2,Centralized matching,625,25.0,13.0,20.200000000000003,0.6435643564356435,0.35643564356435653,0.52,0.4498999987845309,Customers search,False,,,,,,25.0,19.0
airbnb,Airbnb / short-term rentals,airbnb_dj_0.60,"d_I=0.10, d_J=0.60",False,d_J (with d_I fixed at 0.10),0.6,25,0.1,0.1,0.6,2,Customers search,63,2.52,20.6,20.6,1.0,0.0,1.0,0.24179999309126288,Customers search,False,,20.0,43.0,18.0,,,
airbnb,Airbnb / short-term rentals,airbnb_dj_0.60,"d_I=0.10, d_J=0.60",False,d_J (with d_I fixed at 0.10),0.6,25,0.1,0.1,0.6,2,Providers search,289,11.56,20.6,20.6,1.0,0.0,1.0,1.0888999968301505,Customers search,False,,251.0,38.0,13.0,,,
airbnb,Airbnb / short-term rentals,airbnb_dj_0.60,"d_I=0.10, d_J=0.60",False,d_J (with d_I fixed at 0.10),0.6,25,0.1,0.1,0.6,2,Both sides search,63,2.52,20.6,20.6,1.0,0.0,1.0,0.22659999376628548,Customers search,False,0.0,20.0,43.0,18.0,0.0,,
airbnb,Airbnb / short-term rentals,airbnb_dj_0.60,"d_I=0.10, d_J=0.60",False,d_J (with d_I fixed at 0.10),0.6,25,0.1,0.1,0.6,2,Centralized matching,625,25.0,14.0,20.6,0.6796116504854368,0.3203883495145632,0.56,0.42189999658148736,Customers search,False,,,,,,25.0,25.0
airbnb,Airbnb / short-term rentals,airbnb_dj_0.80,"d_I=0.10, d_J=0.80",True,d_J (with d_I fixed at 0.10),0.8,25,0.1,0.1,0.8,2,Customers search,46,1.84,21.400000000000002,21.4,1.0000000000000002,-2.220446049250313e-16,1.0,0.1683999944361858,Customers search,False,,5.0,41.0,16.0,,,
airbnb,Airbnb / short-term rentals,airbnb_dj_0.80,"d_I=0.10, d_J=0.80",True,d_J (with d_I fixed at 0.10),0.8,25,0.1,0.1,0.8,2,Providers search,376,15.04,21.400000000000002,21.4,1.0000000000000002,-2.220446049250313e-16,1.0,1.1561999999685213,Customers search,False,,335.0,41.0,16.0,,,
airbnb,Airbnb / short-term rentals,airbnb_dj_0.80,"d_I=0.10, d_J=0.80",True,d_J (with d_I fixed at 0.10),0.8,25,0.1,0.1,0.8,2,Both sides search,46,1.84,21.400000000000002,21.4,1.0000000000000002,-2.220446049250313e-16,1.0,0.17300000035902485,Customers search,False,0.0,5.0,41.0,16.0,0.0,,
airbnb,Airbnb / short-term rentals,airbnb_dj_0.80,"d_I=0.10, d_J=0.80",True,d_J (with d_I fixed at 0.10),0.8,25,0.1,0.1,0.8,2,Centralized matching,625,25.0,16.0,21.4,0.7476635514018692,0.25233644859813076,0.64,0.39029999607009813,Customers search,False,,,,,,25.0,35.0
airbnb,Airbnb / short-term rentals,airbnb_dj_1.00,"d_I=0.10, d_J=1.00",False,d_J (with d_I fixed at 0.10),1.0,25,0.1,0.1,1.0,2,Customers search,41,1.64,21.800000000000004,21.8,1.0000000000000002,-2.220446049250313e-16,1.0,0.15169999824138358,Customers search,False,,0.0,41.0,16.0,,,
airbnb,Airbnb / short-term rentals,airbnb_dj_1.00,"d_I=0.10, d_J=1.00",False,d_J (with d_I fixed at 0.10),1.0,25,0.1,0.1,1.0,2,Providers search,448,17.92,21.800000000000004,21.8,1.0000000000000002,-2.220446049250313e-16,1.0,1.9643999985419214,Customers search,False,,398.0,50.0,25.0,,,
airbnb,Airbnb / short-term rentals,airbnb_dj_1.00,"d_I=0.10, d_J=1.00",False,d_J (with d_I fixed at 0.10),1.0,25,0.1,0.1,1.0,2,Both sides search,41,1.64,21.800000000000004,21.8,1.0000000000000002,-2.220446049250313e-16,1.0,0.24810000468278304,Customers search,False,0.0,0.0,41.0,16.0,0.0,,
airbnb,Airbnb / short-term rentals,airbnb_dj_1.00,"d_I=0.10, d_J=1.00",False,d_J (with d_I fixed at 0.10),1.0,25,0.1,0.1,1.0,2,Centralized matching,625,25.0,17.0,21.8,0.7798165137614679,0.22018348623853212,0.68,0.5110999991302378,Customers search,False,,,,,,25.0,44.0
airbnb,Airbnb / short-term rentals,airbnb_dj_0.20,"d_I=0.10, d_J=0.20",False,d_J (with d_I fixed at 0.10),0.2,25,0.1,0.1,0.2,3,Customers search,188,7.52,17.799999999999997,17.799999999999997,1.0,0.0,1.0,0.5846999993082136,Customers search,False,,128.0,60.0,35.0,,,
airbnb,Airbnb / short-term rentals,airbnb_dj_0.20,"d_I=0.10, d_J=0.20",False,d_J (with d_I fixed at 0.10),0.2,25,0.1,0.1,0.2,3,Providers search,144,5.76,17.799999999999997,17.799999999999997,1.0,0.0,1.0,0.4715999966720119,Customers search,False,,107.0,37.0,12.0,,,
airbnb,Airbnb / short-term rentals,airbnb_dj_0.20,"d_I=0.10, d_J=0.20",False,d_J (with d_I fixed at 0.10),0.2,25,0.1,0.1,0.2,3,Both sides search,158,6.32,17.799999999999997,17.799999999999997,1.0,0.0,1.0,0.16519999917363748,Customers search,False,0.4,0.0,38.0,13.0,120.0,,
airbnb,Airbnb / short-term rentals,airbnb_dj_0.20,"d_I=0.10, d_J=0.20",False,d_J (with d_I fixed at 0.10),0.2,25,0.1,0.1,0.2,3,Centralized matching,625,25.0,7.0,17.799999999999997,0.3932584269662922,0.6067415730337078,0.28,0.4084000029251911,Customers search,False,,,,,,25.0,8.0
airbnb,Airbnb / short-term rentals,airbnb_dj_0.40,"d_I=0.10, d_J=0.40",False,d_J (with d_I fixed at 0.10),0.4,25,0.1,0.1,0.4,3,Customers search,91,3.64,19.8,19.8,1.0,0.0,1.0,0.29749999521300197,Customers search,False,,45.0,46.0,21.0,,,
airbnb,Airbnb / short-term rentals,airbnb_dj_0.40,"d_I=0.10, d_J=0.40",False,d_J (with d_I fixed at 0.10),0.4,25,0.1,0.1,0.4,3,Providers search,204,8.16,19.8,19.8,1.0,0.0,1.0,0.6463999961852096,Customers search,False,,171.0,33.0,8.0,,,
airbnb,Airbnb / short-term rentals,airbnb_dj_0.40,"d_I=0.10, d_J=0.40",False,d_J (with d_I fixed at 0.10),0.4,25,0.1,0.1,0.4,3,Both sides search,287,11.48,19.8,19.8,1.0,0.0,1.0,0.17320000188192353,Customers search,False,0.4,0.0,43.0,18.0,244.0,,
airbnb,Airbnb / short-term rentals,airbnb_dj_0.40,"d_I=0.10, d_J=0.40",False,d_J (with d_I fixed at 0.10),0.4,25,0.1,0.1,0.4,3,Centralized matching,625,25.0,12.0,19.8,0.6060606060606061,0.3939393939393939,0.48,0.3744999994523823,Customers search,False,,,,,,25.0,18.0
airbnb,Airbnb / short-term rentals,airbnb_dj_0.60,"d_I=0.10, d_J=0.60",False,d_J (with d_I fixed at 0.10),0.6,25,0.1,0.1,0.6,3,Customers search,73,2.92,21.400000000000002,21.400000000000002,1.0,0.0,1.0,0.25430000096093863,Customers search,False,,24.0,49.0,24.0,,,
airbnb,Airbnb / short-term rentals,airbnb_dj_0.60,"d_I=0.10, d_J=0.60",False,d_J (with d_I fixed at 0.10),0.6,25,0.1,0.1,0.6,3,Providers search,249,9.96,21.400000000000002,21.400000000000002,1.0,0.0,1.0,0.7585999992443249,Customers search,False,,217.0,32.0,7.0,,,
airbnb,Airbnb / short-term rentals,airbnb_dj_0.60,"d_I=0.10, d_J=0.60",False,d_J (with d_I fixed at 0.10),0.6,25,0.1,0.1,0.6,3,Both sides search,73,2.92,21.400000000000002,21.400000000000002,1.0,0.0,1.0,0.26619999698596075,Customers search,False,0.0,24.0,49.0,24.0,0.0,,
airbnb,Airbnb / short-term rentals,airbnb_dj_0.60,"d_I=0.10, d_J=0.60",False,d_J (with d_I fixed at 0.10),0.6,25,0.1,0.1,0.6,3,Centralized matching,625,25.0,16.0,21.400000000000002,0.7476635514018691,0.25233644859813087,0.64,0.37259999953676015,Customers search,False,,,,,,25.0,32.0
airbnb,Airbnb / short-term rentals,airbnb_dj_0.80,"d_I=0.10, d_J=0.80",True,d_J (with d_I fixed at 0.10),0.8,25,0.1,0.1,0.8,3,Customers search,51,2.04,22.200000000000003,22.200000000000003,1.0,0.0,1.0,0.1788000008673407,Customers search,False,,13.0,38.0,13.0,,,
airbnb,Airbnb / short-term rentals,airbnb_dj_0.80,"d_I=0.10, d_J=0.80",True,d_J (with d_I fixed at 0.10),0.8,25,0.1,0.1,0.8,3,Providers search,367,14.68,22.200000000000003,22.200000000000003,1.0,0.0,1.0,1.1668000006466173,Customers search,False,,318.0,49.0,24.0,,,
airbnb,Airbnb / short-term rentals,airbnb_dj_0.80,"d_I=0.10, d_J=0.80",True,d_J (with d_I fixed at 0.10),0.8,25,0.1,0.1,0.8,3,Both sides search,51,2.04,22.200000000000003,22.200000000000003,1.0,0.0,1.0,0.21079999714856967,Customers search,False,0.0,13.0,38.0,13.0,0.0,,
airbnb,Airbnb / short-term rentals,airbnb_dj_0.80,"d_I=0.10, d_J=0.80",True,d_J (with d_I fixed at 0.10),0.8,25,0.1,0.1,0.8,3,Centralized matching,625,25.0,18.0,22.200000000000003,0.8108108108108107,0.18918918918918926,0.72,0.3971999976783991,Customers search,False,,,,,,25.0,41.0
airbnb,Airbnb / short-term rentals,airbnb_dj_1.00,"d_I=0.10, d_J=1.00",False,d_J (with d_I fixed at 0.10),1.0,25,0.1,0.1,1.0,3,Customers search,36,1.44,23.4,23.4,1.0,0.0,1.0,0.14540000120177865,Customers search,False,,0.0,36.0,11.0,,,
airbnb,Airbnb / short-term rentals,airbnb_dj_1.00,"d_I=0.10, d_J=1.00",False,d_J (with d_I fixed at 0.10),1.0,25,0.1,0.1,1.0,3,Providers search,400,16.0,23.4,23.4,1.0,0.0,1.0,1.323600001342129,Customers search,False,,351.0,49.0,24.0,,,
airbnb,Airbnb / short-term rentals,airbnb_dj_1.00,"d_I=0.10, d_J=1.00",False,d_J (with d_I fixed at 0.10),1.0,25,0.1,0.1,1.0,3,Both sides search,36,1.44,23.4,23.4,1.0,0.0,1.0,0.24909999774536118,Customers search,False,0.0,0.0,36.0,11.0,0.0,,
airbnb,Airbnb / short-term rentals,airbnb_dj_1.00,"d_I=0.10, d_J=1.00",False,d_J (with d_I fixed at 0.10),1.0,25,0.1,0.1,1.0,3,Centralized matching,625,25.0,21.0,23.4,0.8974358974358975,0.10256410256410253,0.84,0.4853999998886138,Customers search,False,,,,,,25.0,55.0
airbnb,Airbnb / short-term rentals,airbnb_dj_0.20,"d_I=0.10, d_J=0.20",False,d_J (with d_I fixed at 0.10),0.2,25,0.1,0.1,0.2,4,Customers search,109,4.36,19.0,19.0,1.0,0.0,1.0,0.36789999285247177,Customers search,False,,68.0,41.0,16.0,,,
airbnb,Airbnb / short-term rentals,airbnb_dj_0.20,"d_I=0.10, d_J=0.20",False,d_J (with d_I fixed at 0.10),0.2,25,0.1,0.1,0.2,4,Providers search,146,5.84,19.0,19.0,1.0,0.0,1.0,0.5222000036155805,Customers search,False,,108.0,38.0,13.0,,,
airbnb,Airbnb / short-term rentals,airbnb_dj_0.20,"d_I=0.10, d_J=0.20",False,d_J (with d_I fixed at 0.10),0.2,25,0.1,0.1,0.2,4,Both sides search,174,6.96,19.0,19.0,1.0,0.0,1.0,0.228599994443357,Customers search,False,0.4,0.0,50.0,25.0,124.0,,
airbnb,Airbnb / short-term rentals,airbnb_dj_0.20,"d_I=0.10, d_J=0.20",False,d_J (with d_I fixed at 0.10),0.2,25,0.1,0.1,0.2,4,Centralized matching,625,25.0,10.0,19.0,0.5263157894736842,0.4736842105263158,0.4,1.0914000013144687,Customers search,False,,,,,,25.0,16.0
airbnb,Airbnb / short-term rentals,airbnb_dj_0.40,"d_I=0.10, d_J=0.40",False,d_J (with d_I fixed at 0.10),0.4,25,0.1,0.1,0.4,4,Customers search,73,2.92,21.0,21.0,1.0,0.0,1.0,0.378700002329424,Customers search,False,,30.0,43.0,18.0,,,
airbnb,Airbnb / short-term rentals,airbnb_dj_0.40,"d_I=0.10, d_J=0.40",False,d_J (with d_I fixed at 0.10),0.4,25,0.1,0.1,0.4,4,Providers search,216,8.64,21.0,21.0,1.0,0.0,1.0,0.6720000019413419,Customers search,False,,174.0,42.0,17.0,,,
airbnb,Airbnb / short-term rentals,airbnb_dj_0.40,"d_I=0.10, d_J=0.40",False,d_J (with d_I fixed at 0.10),0.4,25,0.1,0.1,0.4,4,Both sides search,293,11.72,21.0,21.0,1.0,0.0,1.0,0.15590000111842528,Customers search,False,0.4,0.0,37.0,12.0,256.0,,
airbnb,Airbnb / short-term rentals,airbnb_dj_0.40,"d_I=0.10, d_J=0.40",False,d_J (with d_I fixed at 0.10),0.4,25,0.1,0.1,0.4,4,Centralized matching,625,25.0,15.0,21.0,0.7142857142857143,0.2857142857142857,0.6,0.3971999976783991,Customers search,False,,,,,,25.0,30.0
airbnb,Airbnb / short-term rentals,airbnb_dj_0.60,"d_I=0.10, d_J=0.60",False,d_J (with d_I fixed at 0.10),0.6,25,0.1,0.1,0.6,4,Customers search,47,1.88,22.6,22.6,1.0,0.0,1.0,0.18869999621529132,Customers search,False,,12.0,35.0,10.0,,,
airbnb,Airbnb / short-term rentals,airbnb_dj_0.60,"d_I=0.10, d_J=0.60",False,d_J (with d_I fixed at 0.10),0.6,25,0.1,0.1,0.6,4,Providers search,280,11.2,22.6,22.6,1.0,0.0,1.0,1.010700005281251,Customers search,False,,234.0,46.0,21.0,,,
airbnb,Airbnb / short-term rentals,airbnb_dj_0.60,"d_I=0.10, d_J=0.60",False,d_J (with d_I fixed at 0.10),0.6,25,0.1,0.1,0.6,4,Both sides search,47,1.88,22.6,22.6,1.0,0.0,1.0,0.2134000023943372,Customers search,False,0.0,12.0,35.0,10.0,0.0,,
airbnb,Airbnb / short-term rentals,airbnb_dj_0.60,"d_I=0.10, d_J=0.60",False,d_J (with d_I fixed at 0.10),0.6,25,0.1,0.1,0.6,4,Centralized matching,625,25.0,19.0,22.6,0.8407079646017699,0.15929203539823011,0.76,0.37850000080652535,Customers search,False,,,,,,25.0,41.0
airbnb,Airbnb / short-term rentals,airbnb_dj_0.80,"d_I=0.10, d_J=0.80",True,d_J (with d_I fixed at 0.10),0.8,25,0.1,0.1,0.8,4,Customers search,39,1.56,23.0,23.0,1.0,0.0,1.0,0.14199999714037403,Customers search,False,,7.0,32.0,7.0,,,
airbnb,Airbnb / short-term rentals,airbnb_dj_0.80,"d_I=0.10, d_J=0.80",True,d_J (with d_I fixed at 0.10),0.8,25,0.1,0.1,0.8,4,Providers search,358,14.32,23.0,23.0,1.0,0.0,1.0,1.2056999985361472,Customers search,False,,316.0,42.0,17.0,,,
airbnb,Airbnb / short-term rentals,airbnb_dj_0.80,"d_I=0.10, d_J=0.80",True,d_J (with d_I fixed at 0.10),0.8,25,0.1,0.1,0.8,4,Both sides search,39,1.56,23.0,23.0,1.0,0.0,1.0,0.15669999993406236,Customers search,False,0.0,7.0,32.0,7.0,0.0,,
airbnb,Airbnb / short-term rentals,airbnb_dj_0.80,"d_I=0.10, d_J=0.80",True,d_J (with d_I fixed at 0.10),0.8,25,0.1,0.1,0.8,4,Centralized matching,625,25.0,20.0,23.0,0.8695652173913043,0.13043478260869568,0.8,0.39680000190855935,Customers search,False,,,,,,25.0,47.0
airbnb,Airbnb / short-term rentals,airbnb_dj_1.00,"d_I=0.10, d_J=1.00",False,d_J (with d_I fixed at 0.10),1.0,25,0.1,0.1,1.0,4,Customers search,28,1.12,23.4,23.4,1.0,0.0,1.0,0.11220000305911526,Customers search,False,,0.0,28.0,3.0,,,
airbnb,Airbnb / short-term rentals,airbnb_dj_1.00,"d_I=0.10, d_J=1.00",False,d_J (with d_I fixed at 0.10),1.0,25,0.1,0.1,1.0,4,Providers search,416,16.64,23.4,23.4,1.0,0.0,1.0,1.9925000015064143,Customers search,False,,362.0,54.0,29.0,,,
airbnb,Airbnb / short-term rentals,airbnb_dj_1.00,"d_I=0.10, d_J=1.00",False,d_J (with d_I fixed at 0.10),1.0,25,0.1,0.1,1.0,4,Both sides search,28,1.12,23.4,23.4,1.0,0.0,1.0,0.23220000002766028,Customers search,False,0.0,0.0,28.0,3.0,0.0,,
airbnb,Airbnb / short-term rentals,airbnb_dj_1.00,"d_I=0.10, d_J=1.00",False,d_J (with d_I fixed at 0.10),1.0,25,0.1,0.1,1.0,4,Centralized matching,625,25.0,21.0,23.4,0.8974358974358975,0.10256410256410253,0.84,0.7466000024578534,Customers search,False,,,,,,25.0,57.0
airbnb,Airbnb / short-term rentals,airbnb_dj_0.20,"d_I=0.10, d_J=0.20",False,d_J (with d_I fixed at 0.10),0.2,25,0.1,0.1,0.2,5,Customers search,122,4.88,17.4,17.4,1.0,0.0,1.0,0.8852000028127804,Customers search,False,,76.0,46.0,21.0,,,
airbnb,Airbnb / short-term rentals,airbnb_dj_0.20,"d_I=0.10, d_J=0.20",False,d_J (with d_I fixed at 0.10),0.2,25,0.1,0.1,0.2,5,Providers search,161,6.44,17.4,17.4,1.0,0.0,1.0,0.8920999971451238,Customers search,False,,116.0,45.0,20.0,,,
airbnb,Airbnb / short-term rentals,airbnb_dj_0.20,"d_I=0.10, d_J=0.20",False,d_J (with d_I fixed at 0.10),0.2,25,0.1,0.1,0.2,5,Both sides search,183,7.32,17.4,17.4,1.0,0.0,1.0,0.20339999900897965,Customers search,False,0.4,0.0,49.0,24.0,134.0,,
airbnb,Airbnb / short-term rentals,airbnb_dj_0.20,"d_I=0.10, d_J=0.20",False,d_J (with d_I fixed at 0.10),0.2,25,0.1,0.1,0.2,5,Centralized matching,625,25.0,6.0,17.4,0.3448275862068966,0.6551724137931034,0.24,0.38099999801488593,Customers search,False,,,,,,25.0,12.0
airbnb,Airbnb / short-term rentals,airbnb_dj_0.40,"d_I=0.10, d_J=0.40",False,d_J (with d_I fixed at 0.10),0.4,25,0.1,0.1,0.4,5,Customers search,86,3.44,21.000000000000004,21.000000000000004,1.0,0.0,1.0,0.28870000096503645,Customers search,False,,38.0,48.0,23.0,,,
airbnb,Airbnb / short-term rentals,airbnb_dj_0.40,"d_I=0.10, d_J=0.40",False,d_J (with d_I fixed at 0.10),0.4,25,0.1,0.1,0.4,5,Providers search,251,10.04,20.6,21.000000000000004,0.9809523809523809,0.01904761904761909,1.0,0.8218000002671033,Customers search,False,,196.0,55.0,30.0,,,
airbnb,Airbnb / short-term rentals,airbnb_dj_0.40,"d_I=0.10, d_J=0.40",False,d_J (with d_I fixed at 0.10),0.4,25,0.1,0.1,0.4,5,Both sides search,321,12.84,21.000000000000004,21.000000000000004,1.0,0.0,1.0,0.2547999974922277,Customers search,False,0.4,0.0,67.0,42.0,254.0,,
airbnb,Airbnb / short-term rentals,airbnb_dj_0.40,"d_I=0.10, d_J=0.40",False,d_J (with d_I fixed at 0.10),0.4,25,0.1,0.1,0.4,5,Centralized matching,625,25.0,15.0,21.000000000000004,0.7142857142857142,0.2857142857142858,0.6,0.3660000002128072,Customers search,False,,,,,,25.0,25.0
airbnb,Airbnb / short-term rentals,airbnb_dj_0.60,"d_I=0.10, d_J=0.60",False,d_J (with d_I fixed at 0.10),0.6,25,0.1,0.1,0.6,5,Customers search,57,2.28,22.2,22.2,1.0,0.0,1.0,0.19179999799234793,Customers search,False,,11.0,46.0,21.0,,,
airbnb,Airbnb / short-term rentals,airbnb_dj_0.60,"d_I=0.10, d_J=0.60",False,d_J (with d_I fixed at 0.10),0.6,25,0.1,0.1,0.6,5,Providers search,254,10.16,22.2,22.2,1.0,0.0,1.0,0.7534999967901967,Customers search,False,,214.0,40.0,15.0,,,
airbnb,Airbnb / short-term rentals,airbnb_dj_0.60,"d_I=0.10, d_J=0.60",False,d_J (with d_I fixed at 0.10),0.6,25,0.1,0.1,0.6,5,Both sides search,57,2.28,22.2,22.2,1.0,0.0,1.0,0.19780000002356246,Customers search,False,0.0,11.0,46.0,21.0,0.0,,
airbnb,Airbnb / short-term rentals,airbnb_dj_0.60,"d_I=0.10, d_J=0.60",False,d_J (with d_I fixed at 0.10),0.6,25,0.1,0.1,0.6,5,Centralized matching,625,25.0,18.0,22.2,0.8108108108108109,0.18918918918918914,0.72,0.35790000401902944,Customers search,False,,,,,,25.0,39.0
airbnb,Airbnb / short-term rentals,airbnb_dj_0.80,"d_I=0.10, d_J=0.80",True,d_J (with d_I fixed at 0.10),0.8,25,0.1,0.1,0.8,5,Customers search,67,2.68,22.200000000000003,22.2,1.0000000000000002,-2.220446049250313e-16,1.0,0.22399999579647556,Customers search,False,,9.0,58.0,33.0,,,
airbnb,Airbnb / short-term rentals,airbnb_dj_0.80,"d_I=0.10, d_J=0.80",True,d_J (with d_I fixed at 0.10),0.8,25,0.1,0.1,0.8,5,Providers search,313,12.52,22.200000000000003,22.2,1.0000000000000002,-2.220446049250313e-16,1.0,0.930599999264814,Customers search,False,,276.0,37.0,12.0,,,
airbnb,Airbnb / short-term rentals,airbnb_dj_0.80,"d_I=0.10, d_J=0.80",True,d_J (with d_I fixed at 0.10),0.8,25,0.1,0.1,0.8,5,Both sides search,67,2.68,22.200000000000003,22.2,1.0000000000000002,-2.220446049250313e-16,1.0,0.33850000181701034,Customers search,False,0.0,9.0,58.0,33.0,0.0,,
airbnb,Airbnb / short-term rentals,airbnb_dj_0.80,"d_I=0.10, d_J=0.80",True,d_J (with d_I fixed at 0.10),0.8,25,0.1,0.1,0.8,5,Centralized matching,625,25.0,18.0,22.2,0.8108108108108109,0.18918918918918914,0.72,0.36720000207424164,Customers search,False,,,,,,25.0,46.0
airbnb,Airbnb / short-term rentals,airbnb_dj_1.00,"d_I=0.10, d_J=1.00",False,d_J (with d_I fixed at 0.10),1.0,25,0.1,0.1,1.0,5,Customers search,70,2.8,22.200000000000003,22.2,1.0000000000000002,-2.220446049250313e-16,1.0,0.23910000163596123,Customers search,False,,0.0,70.0,45.0,,,
airbnb,Airbnb / short-term rentals,airbnb_dj_1.00,"d_I=0.10, d_J=1.00",False,d_J (with d_I fixed at 0.10),1.0,25,0.1,0.1,1.0,5,Providers search,331,13.24,22.2,22.2,1.0,0.0,1.0,0.9565999935148284,Customers search,False,,298.0,33.0,8.0,,,
airbnb,Airbnb / short-term rentals,airbnb_dj_1.00,"d_I=0.10, d_J=1.00",False,d_J (with d_I fixed at 0.10),1.0,25,0.1,0.1,1.0,5,Both sides search,70,2.8,22.200000000000003,22.2,1.0000000000000002,-2.220446049250313e-16,1.0,0.24679999478394166,Customers search,False,0.0,0.0,70.0,45.0,0.0,,
airbnb,Airbnb / short-term rentals,airbnb_dj_1.00,"d_I=0.10, d_J=1.00",False,d_J (with d_I fixed at 0.10),1.0,25,0.1,0.1,1.0,5,Centralized matching,625,25.0,18.0,22.2,0.8108108108108109,0.18918918918918914,0.72,0.356700002157595,Customers search,False,,,,,,25.0,55.0
airbnb,Airbnb / short-term rentals,airbnb_dj_0.20,"d_I=0.10, d_J=0.20",False,d_J (with d_I fixed at 0.10),0.2,25,0.1,0.1,0.2,6,Customers search,109,4.36,19.8,19.8,1.0,0.0,1.0,0.334399999701418,Customers search,False,,59.0,50.0,25.0,,,
airbnb,Airbnb / short-term rentals,airbnb_dj_0.20,"d_I=0.10, d_J=0.20",False,d_J (with d_I fixed at 0.10),0.2,25,0.1,0.1,0.2,6,Providers search,237,9.48,19.4,19.8,0.9797979797979797,0.020202020202020332,1.0,0.7409000027109869,Customers search,False,,161.0,76.0,51.0,,,
airbnb,Airbnb / short-term rentals,airbnb_dj_0.20,"d_I=0.10, d_J=0.20",False,d_J (with d_I fixed at 0.10),0.2,25,0.1,0.1,0.2,6,Both sides search,194,7.76,19.8,19.8,1.0,0.0,1.0,0.167199999850709,Customers search,False,0.4,0.0,44.0,19.0,150.0,,
airbnb,Airbnb / short-term rentals,airbnb_dj_0.20,"d_I=0.10, d_J=0.20",False,d_J (with d_I fixed at 0.10),0.2,25,0.1,0.1,0.2,6,Centralized matching,625,25.0,12.0,19.8,0.6060606060606061,0.3939393939393939,0.48,0.3518999947118573,Customers search,False,,,,,,25.0,20.0
airbnb,Airbnb / short-term rentals,airbnb_dj_0.40,"d_I=0.10, d_J=0.40",False,d_J (with d_I fixed at 0.10),0.4,25,0.1,0.1,0.4,6,Customers search,67,2.68,21.4,21.4,1.0,0.0,1.0,0.21260000357870013,Customers search,False,,30.0,37.0,12.0,,,
airbnb,Airbnb / short-term rentals,airbnb_dj_0.40,"d_I=0.10, d_J=0.40",False,d_J (with d_I fixed at 0.10),0.4,25,0.1,0.1,0.4,6,Providers search,182,7.28,21.4,21.4,1.0,0.0,1.0,0.5371000006562099,Customers search,False,,146.0,36.0,11.0,,,
airbnb,Airbnb / short-term rentals,airbnb_dj_0.40,"d_I=0.10, d_J=0.40",False,d_J (with d_I fixed at 0.10),0.4,25,0.1,0.1,0.4,6,Both sides search,298,11.92,21.4,21.4,1.0,0.0,1.0,0.1573999979882501,Customers search,False,0.4,0.0,41.0,16.0,257.0,,
airbnb,Airbnb / short-term rentals,airbnb_dj_0.40,"d_I=0.10, d_J=0.40",False,d_J (with d_I fixed at 0.10),0.4,25,0.1,0.1,0.4,6,Centralized matching,625,25.0,16.0,21.4,0.7476635514018692,0.25233644859813076,0.64,0.3591999993659556,Customers search,False,,,,,,25.0,27.0
airbnb,Airbnb / short-term rentals,airbnb_dj_0.60,"d_I=0.10, d_J=0.60",False,d_J (with d_I fixed at 0.10),0.6,25,0.1,0.1,0.6,6,Customers search,61,2.44,22.6,22.6,1.0,0.0,1.0,0.20390000281622633,Customers search,False,,20.0,41.0,16.0,,,
airbnb,Airbnb / short-term rentals,airbnb_dj_0.60,"d_I=0.10, d_J=0.60",False,d_J (with d_I fixed at 0.10),0.6,25,0.1,0.1,0.6,6,Providers search,208,8.32,22.6,22.6,1.0,0.0,1.0,0.6248999998206273,Customers search,False,,178.0,30.0,5.0,,,
airbnb,Airbnb / short-term rentals,airbnb_dj_0.60,"d_I=0.10, d_J=0.60",False,d_J (with d_I fixed at 0.10),0.6,25,0.1,0.1,0.6,6,Both sides search,61,2.44,22.6,22.6,1.0,0.0,1.0,0.23720000172033906,Customers search,False,0.0,20.0,41.0,16.0,0.0,,
airbnb,Airbnb / short-term rentals,airbnb_dj_0.60,"d_I=0.10, d_J=0.60",False,d_J (with d_I fixed at 0.10),0.6,25,0.1,0.1,0.6,6,Centralized matching,625,25.0,19.0,22.6,0.8407079646017699,0.15929203539823011,0.76,0.3619999988586642,Customers search,False,,,,,,25.0,38.0
airbnb,Airbnb / short-term rentals,airbnb_dj_0.80,"d_I=0.10, d_J=0.80",True,d_J (with d_I fixed at 0.10),0.8,25,0.1,0.1,0.8,6,Customers search,73,2.92,24.2,24.2,1.0,0.0,1.0,0.25019999884534627,Customers search,False,,11.0,62.0,37.0,,,
airbnb,Airbnb / short-term rentals,airbnb_dj_0.80,"d_I=0.10, d_J=0.80",True,d_J (with d_I fixed at 0.10),0.8,25,0.1,0.1,0.8,6,Providers search,293,11.72,23.799999999999997,24.2,0.9834710743801652,0.016528925619834767,1.0,0.883099994098302,Customers search,False,,250.0,43.0,18.0,,,
airbnb,Airbnb / short-term rentals,airbnb_dj_0.80,"d_I=0.10, d_J=0.80",True,d_J (with d_I fixed at 0.10),0.8,25,0.1,0.1,0.8,6,Both sides search,73,2.92,24.2,24.2,1.0,0.0,1.0,0.25150000146823004,Customers search,False,0.0,11.0,62.0,37.0,0.0,,
airbnb,Airbnb / short-term rentals,airbnb_dj_0.80,"d_I=0.10, d_J=0.80",True,d_J (with d_I fixed at 0.10),0.8,25,0.1,0.1,0.8,6,Centralized matching,625,25.0,23.0,24.2,0.9504132231404959,0.04958677685950408,0.92,0.3653999956441112,Customers search,False,,,,,,25.0,51.0
airbnb,Airbnb / short-term rentals,airbnb_dj_1.00,"d_I=0.10, d_J=1.00",False,d_J (with d_I fixed at 0.10),1.0,25,0.1,0.1,1.0,6,Customers search,55,2.2,24.2,24.2,1.0,0.0,1.0,0.19439999596215785,Customers search,False,,0.0,55.0,30.0,,,
airbnb,Airbnb / short-term rentals,airbnb_dj_1.00,"d_I=0.10, d_J=1.00",False,d_J (with d_I fixed at 0.10),1.0,25,0.1,0.1,1.0,6,Providers search,323,12.92,24.200000000000003,24.2,1.0000000000000002,-2.220446049250313e-16,1.0,0.9879999997792765,Customers search,False,,277.0,46.0,21.0,,,
airbnb,Airbnb / short-term rentals,airbnb_dj_1.00,"d_I=0.10, d_J=1.00",False,d_J (with d_I fixed at 0.10),1.0,25,0.1,0.1,1.0,6,Both sides search,55,2.2,24.2,24.2,1.0,0.0,1.0,0.20050000603077933,Customers search,False,0.0,0.0,55.0,30.0,0.0,,
airbnb,Airbnb / short-term rentals,airbnb_dj_1.00,"d_I=0.10, d_J=1.00",False,d_J (with d_I fixed at 0.10),1.0,25,0.1,0.1,1.0,6,Centralized matching,625,25.0,23.0,24.2,0.9504132231404959,0.04958677685950408,0.92,0.3626000034273602,Customers search,False,,,,,,25.0,62.0
airbnb,Airbnb / short-term rentals,airbnb_dj_0.20,"d_I=0.10, d_J=0.20",False,d_J (with d_I fixed at 0.10),0.2,25,0.1,0.1,0.2,7,Customers search,127,5.08,17.4,17.4,1.0,0.0,1.0,0.3966000003856607,Customers search,False,,77.0,50.0,25.0,,,
airbnb,Airbnb / short-term rentals,airbnb_dj_0.20,"d_I=0.10, d_J=0.20",False,d_J (with d_I fixed at 0.10),0.2,25,0.1,0.1,0.2,7,Providers search,216,8.64,17.4,17.4,1.0,0.0,1.0,0.6598999971174635,Customers search,False,,157.0,59.0,34.0,,,
airbnb,Airbnb / short-term rentals,airbnb_dj_0.20,"d_I=0.10, d_J=0.20",False,d_J (with d_I fixed at 0.10),0.2,25,0.1,0.1,0.2,7,Both sides search,170,6.8,17.4,17.4,1.0,0.0,1.0,0.15349999739555642,Customers search,False,0.4,0.0,39.0,14.0,131.0,,
airbnb,Airbnb / short-term rentals,airbnb_dj_0.20,"d_I=0.10, d_J=0.20",False,d_J (with d_I fixed at 0.10),0.2,25,0.1,0.1,0.2,7,Centralized matching,625,25.0,6.0,17.4,0.3448275862068966,0.6551724137931034,0.24,0.3580999982659705,Customers search,False,,,,,,25.0,10.0
airbnb,Airbnb / short-term rentals,airbnb_dj_0.40,"d_I=0.10, d_J=0.40",False,d_J (with d_I fixed at 0.10),0.4,25,0.1,0.1,0.4,7,Customers search,71,2.84,20.2,20.2,1.0,0.0,1.0,0.22650000028079376,Customers search,False,,35.0,36.0,11.0,,,
airbnb,Airbnb / short-term rentals,airbnb_dj_0.40,"d_I=0.10, d_J=0.40",False,d_J (with d_I fixed at 0.10),0.4,25,0.1,0.1,0.4,7,Providers search,237,9.48,20.2,20.2,1.0,0.0,1.0,0.7227000023704022,Customers search,False,,196.0,41.0,16.0,,,
airbnb,Airbnb / short-term rentals,airbnb_dj_0.40,"d_I=0.10, d_J=0.40",False,d_J (with d_I fixed at 0.10),0.4,25,0.1,0.1,0.4,7,Both sides search,312,12.48,20.2,20.2,1.0,0.0,1.0,0.1683999944361858,Customers search,False,0.4,0.0,42.0,17.0,270.0,,
airbnb,Airbnb / short-term rentals,airbnb_dj_0.40,"d_I=0.10, d_J=0.40",False,d_J (with d_I fixed at 0.10),0.4,25,0.1,0.1,0.4,7,Centralized matching,625,25.0,13.0,20.2,0.6435643564356436,0.3564356435643564,0.52,0.36759999784408137,Customers search,False,,,,,,25.0,26.0
airbnb,Airbnb / short-term rentals,airbnb_dj_0.60,"d_I=0.10, d_J=0.60",False,d_J (with d_I fixed at 0.10),0.6,25,0.1,0.1,0.6,7,Customers search,75,3.0,21.4,21.4,1.0,0.0,1.0,0.25019999884534627,Customers search,False,,21.0,54.0,29.0,,,
airbnb,Airbnb / short-term rentals,airbnb_dj_0.60,"d_I=0.10, d_J=0.60",False,d_J (with d_I fixed at 0.10),0.6,25,0.1,0.1,0.6,7,Providers search,290,11.6,21.4,21.4,1.0,0.0,1.0,0.8778999981586821,Customers search,False,,256.0,34.0,9.0,,,
airbnb,Airbnb / short-term rentals,airbnb_dj_0.60,"d_I=0.10, d_J=0.60",False,d_J (with d_I fixed at 0.10),0.6,25,0.1,0.1,0.6,7,Both sides search,75,3.0,21.4,21.4,1.0,0.0,1.0,0.25910000113071874,Customers search,False,0.0,21.0,54.0,29.0,0.0,,
airbnb,Airbnb / short-term rentals,airbnb_dj_0.60,"d_I=0.10, d_J=0.60",False,d_J (with d_I fixed at 0.10),0.6,25,0.1,0.1,0.6,7,Centralized matching,625,25.0,16.0,21.4,0.7476635514018692,0.25233644859813076,0.64,0.37119999615242705,Customers search,False,,,,,,25.0,33.0
airbnb,Airbnb / short-term rentals,airbnb_dj_0.80,"d_I=0.10, d_J=0.80",True,d_J (with d_I fixed at 0.10),0.8,25,0.1,0.1,0.8,7,Customers search,67,2.68,22.2,22.200000000000003,0.9999999999999999,1.1102230246251565e-16,1.0,0.2310999989276752,Customers search,False,,14.0,53.0,28.0,,,
airbnb,Airbnb / short-term rentals,airbnb_dj_0.80,"d_I=0.10, d_J=0.80",True,d_J (with d_I fixed at 0.10),0.8,25,0.1,0.1,0.8,7,Providers search,344,13.76,22.2,22.200000000000003,0.9999999999999999,1.1102230246251565e-16,1.0,1.248700005817227,Customers search,False,,301.0,43.0,18.0,,,
airbnb,Airbnb / short-term rentals,airbnb_dj_0.80,"d_I=0.10, d_J=0.80",True,d_J (with d_I fixed at 0.10),0.8,25,0.1,0.1,0.8,7,Both sides search,67,2.68,22.2,22.200000000000003,0.9999999999999999,1.1102230246251565e-16,1.0,0.27260000206297264,Customers search,False,0.0,14.0,53.0,28.0,0.0,,
airbnb,Airbnb / short-term rentals,airbnb_dj_0.80,"d_I=0.10, d_J=0.80",True,d_J (with d_I fixed at 0.10),0.8,25,0.1,0.1,0.8,7,Centralized matching,625,25.0,18.0,22.200000000000003,0.8108108108108107,0.18918918918918926,0.72,0.414699999964796,Customers search,False,,,,,,25.0,46.0
airbnb,Airbnb / short-term rentals,airbnb_dj_1.00,"d_I=0.10, d_J=1.00",False,d_J (with d_I fixed at 0.10),1.0,25,0.1,0.1,1.0,7,Customers search,50,2.0,23.4,23.4,1.0,0.0,1.0,0.192599996807985,Customers search,False,,0.0,50.0,25.0,,,
airbnb,Airbnb / short-term rentals,airbnb_dj_1.00,"d_I=0.10, d_J=1.00",False,d_J (with d_I fixed at 0.10),1.0,25,0.1,0.1,1.0,7,Providers search,370,14.8,23.4,23.4,1.0,0.0,1.0,1.1435999986133538,Customers search,False,,322.0,48.0,23.0,,,
airbnb,Airbnb / short-term rentals,airbnb_dj_1.00,"d_I=0.10, d_J=1.00",False,d_J (with d_I fixed at 0.10),1.0,25,0.1,0.1,1.0,7,Both sides search,50,2.0,23.4,23.4,1.0,0.0,1.0,0.1979000007850118,Customers search,False,0.0,0.0,50.0,25.0,0.0,,
airbnb,Airbnb / short-term rentals,airbnb_dj_1.00,"d_I=0.10, d_J=1.00",False,d_J (with d_I fixed at 0.10),1.0,25,0.1,0.1,1.0,7,Centralized matching,625,25.0,21.0,23.4,0.8974358974358975,0.10256410256410253,0.84,0.42559999565128237,Customers search,False,,,,,,25.0,57.0
airbnb,Airbnb / short-term rentals,airbnb_dj_0.20,"d_I=0.10, d_J=0.20",False,d_J (with d_I fixed at 0.10),0.2,25,0.1,0.1,0.2,8,Customers search,138,5.52,17.4,17.799999999999997,0.9775280898876405,0.022471910112359494,1.0,0.4501000003074296,Customers search,False,,91.0,47.0,22.0,,,
airbnb,Airbnb / short-term rentals,airbnb_dj_0.20,"d_I=0.10, d_J=0.20",False,d_J (with d_I fixed at 0.10),0.2,25,0.1,0.1,0.2,8,Providers search,223,8.92,17.799999999999997,17.799999999999997,1.0,0.0,1.0,0.7222999993246049,Customers search,False,,154.0,69.0,44.0,,,
airbnb,Airbnb / short-term rentals,airbnb_dj_0.20,"d_I=0.10, d_J=0.20",False,d_J (with d_I fixed at 0.10),0.2,25,0.1,0.1,0.2,8,Both sides search,170,6.8,17.799999999999997,17.799999999999997,1.0,0.0,1.0,0.22360000002663583,Customers search,False,0.4,0.0,56.0,31.0,114.0,,
airbnb,Airbnb / short-term rentals,airbnb_dj_0.20,"d_I=0.10, d_J=0.20",False,d_J (with d_I fixed at 0.10),0.2,25,0.1,0.1,0.2,8,Centralized matching,625,25.0,7.0,17.799999999999997,0.3932584269662922,0.6067415730337078,0.28,0.4172000044491142,Customers search,False,,,,,,25.0,8.0
airbnb,Airbnb / short-term rentals,airbnb_dj_0.40,"d_I=0.10, d_J=0.40",False,d_J (with d_I fixed at 0.10),0.4,25,0.1,0.1,0.4,8,Customers search,94,3.76,20.6,20.6,1.0,0.0,1.0,0.3146999952150509,Customers search,False,,46.0,48.0,23.0,,,
airbnb,Airbnb / short-term rentals,airbnb_dj_0.40,"d_I=0.10, d_J=0.40",False,d_J (with d_I fixed at 0.10),0.4,25,0.1,0.1,0.4,8,Providers search,188,7.52,20.6,20.6,1.0,0.0,1.0,0.6085999993956648,Customers search,False,,148.0,40.0,15.0,,,
airbnb,Airbnb / short-term rentals,airbnb_dj_0.40,"d_I=0.10, d_J=0.40",False,d_J (with d_I fixed at 0.10),0.4,25,0.1,0.1,0.4,8,Both sides search,284,11.36,20.6,20.6,1.0,0.0,1.0,0.17210000078193843,Customers search,False,0.4,0.0,43.0,18.0,241.0,,
airbnb,Airbnb / short-term rentals,airbnb_dj_0.40,"d_I=0.10, d_J=0.40",False,d_J (with d_I fixed at 0.10),0.4,25,0.1,0.1,0.4,8,Centralized matching,625,25.0,14.0,20.6,0.6796116504854368,0.3203883495145632,0.56,0.37590000283671543,Customers search,False,,,,,,25.0,20.0
airbnb,Airbnb / short-term rentals,airbnb_dj_0.60,"d_I=0.10, d_J=0.60",False,d_J (with d_I fixed at 0.10),0.6,25,0.1,0.1,0.6,8,Customers search,80,3.2,21.8,21.8,1.0,0.0,1.0,0.26709999656304717,Customers search,False,,28.0,52.0,27.0,,,
airbnb,Airbnb / short-term rentals,airbnb_dj_0.60,"d_I=0.10, d_J=0.60",False,d_J (with d_I fixed at 0.10),0.6,25,0.1,0.1,0.6,8,Providers search,295,11.8,21.8,21.8,1.0,0.0,1.0,0.9282999963033944,Customers search,False,,248.0,47.0,22.0,,,
airbnb,Airbnb / short-term rentals,airbnb_dj_0.60,"d_I=0.10, d_J=0.60",False,d_J (with d_I fixed at 0.10),0.6,25,0.1,0.1,0.6,8,Both sides search,80,3.2,21.8,21.8,1.0,0.0,1.0,0.28780000138795003,Customers search,False,0.0,28.0,52.0,27.0,0.0,,
airbnb,Airbnb / short-term rentals,airbnb_dj_0.60,"d_I=0.10, d_J=0.60",False,d_J (with d_I fixed at 0.10),0.6,25,0.1,0.1,0.6,8,Centralized matching,625,25.0,17.0,21.8,0.7798165137614679,0.22018348623853212,0.68,0.37739999970654026,Customers search,False,,,,,,25.0,32.0
airbnb,Airbnb / short-term rentals,airbnb_dj_0.80,"d_I=0.10, d_J=0.80",True,d_J (with d_I fixed at 0.10),0.8,25,0.1,0.1,0.8,8,Customers search,73,2.92,23.0,23.0,1.0,0.0,1.0,0.26050000451505184,Customers search,False,,12.0,61.0,36.0,,,
airbnb,Airbnb / short-term rentals,airbnb_dj_0.80,"d_I=0.10, d_J=0.80",True,d_J (with d_I fixed at 0.10),0.8,25,0.1,0.1,0.8,8,Providers search,324,12.96,23.0,23.0,1.0,0.0,1.0,1.0456000018166378,Customers search,False,,284.0,40.0,15.0,,,
airbnb,Airbnb / short-term rentals,airbnb_dj_0.80,"d_I=0.10, d_J=0.80",True,d_J (with d_I fixed at 0.10),0.8,25,0.1,0.1,0.8,8,Both sides search,73,2.92,23.0,23.0,1.0,0.0,1.0,0.26449999859323725,Customers search,False,0.0,12.0,61.0,36.0,0.0,,
airbnb,Airbnb / short-term rentals,airbnb_dj_0.80,"d_I=0.10, d_J=0.80",True,d_J (with d_I fixed at 0.10),0.8,25,0.1,0.1,0.8,8,Centralized matching,625,25.0,20.0,23.0,0.8695652173913043,0.13043478260869568,0.8,0.38869999843882397,Customers search,False,,,,,,25.0,44.0
airbnb,Airbnb / short-term rentals,airbnb_dj_1.00,"d_I=0.10, d_J=1.00",False,d_J (with d_I fixed at 0.10),1.0,25,0.1,0.1,1.0,8,Customers search,59,2.36,23.8,23.799999999999997,1.0000000000000002,-2.220446049250313e-16,1.0,0.21800000104121864,Customers search,False,,0.0,59.0,34.0,,,
airbnb,Airbnb / short-term rentals,airbnb_dj_1.00,"d_I=0.10, d_J=1.00",False,d_J (with d_I fixed at 0.10),1.0,25,0.1,0.1,1.0,8,Providers search,374,14.96,23.8,23.799999999999997,1.0000000000000002,-2.220446049250313e-16,1.0,1.231799993547611,Customers search,False,,330.0,44.0,19.0,,,
airbnb,Airbnb / short-term rentals,airbnb_dj_1.00,"d_I=0.10, d_J=1.00",False,d_J (with d_I fixed at 0.10),1.0,25,0.1,0.1,1.0,8,Both sides search,59,2.36,23.8,23.799999999999997,1.0000000000000002,-2.220446049250313e-16,1.0,0.2271999983349815,Customers search,False,0.0,0.0,59.0,34.0,0.0,,
airbnb,Airbnb / short-term rentals,airbnb_dj_1.00,"d_I=0.10, d_J=1.00",False,d_J (with d_I fixed at 0.10),1.0,25,0.1,0.1,1.0,8,Centralized matching,625,25.0,22.0,23.799999999999997,0.9243697478991598,0.07563025210084018,0.88,0.41119999514194205,Customers search,False,,,,,,25.0,57.0
airbnb,Airbnb / short-term rentals,airbnb_dj_0.20,"d_I=0.10, d_J=0.20",False,d_J (with d_I fixed at 0.10),0.2,25,0.1,0.1,0.2,9,Customers search,222,8.88,17.4,17.4,1.0,0.0,1.0,0.74230000609532,Customers search,False,,128.0,94.0,69.0,,,
airbnb,Airbnb / short-term rentals,airbnb_dj_0.20,"d_I=0.10, d_J=0.20",False,d_J (with d_I fixed at 0.10),0.2,25,0.1,0.1,0.2,9,Providers search,162,6.48,17.399999999999995,17.4,0.9999999999999998,2.220446049250313e-16,1.0,0.5230000024312176,Customers search,False,,122.0,40.0,15.0,,,
airbnb,Airbnb / short-term rentals,airbnb_dj_0.20,"d_I=0.10, d_J=0.20",False,d_J (with d_I fixed at 0.10),0.2,25,0.1,0.1,0.2,9,Both sides search,243,9.72,17.4,17.4,1.0,0.0,1.0,0.49250000301981345,Customers search,False,0.4,0.0,134.0,109.0,109.0,,
airbnb,Airbnb / short-term rentals,airbnb_dj_0.20,"d_I=0.10, d_J=0.20",False,d_J (with d_I fixed at 0.10),0.2,25,0.1,0.1,0.2,9,Centralized matching,625,25.0,7.0,17.4,0.40229885057471265,0.5977011494252873,0.28,0.3786999950534664,Customers search,False,,,,,,25.0,9.0
airbnb,Airbnb / short-term rentals,airbnb_dj_0.40,"d_I=0.10, d_J=0.40",False,d_J (with d_I fixed at 0.10),0.4,25,0.1,0.1,0.4,9,Customers search,70,2.8,21.0,20.999999999999996,1.0000000000000002,-2.220446049250313e-16,1.0,0.2443999983370304,Customers search,False,,32.0,38.0,13.0,,,
airbnb,Airbnb / short-term rentals,airbnb_dj_0.40,"d_I=0.10, d_J=0.40",False,d_J (with d_I fixed at 0.10),0.4,25,0.1,0.1,0.4,9,Providers search,180,7.2,20.999999999999996,20.999999999999996,1.0,0.0,1.0,0.5724000002373941,Customers search,False,,146.0,34.0,9.0,,,
airbnb,Airbnb / short-term rentals,airbnb_dj_0.40,"d_I=0.10, d_J=0.40",False,d_J (with d_I fixed at 0.10),0.4,25,0.1,0.1,0.4,9,Both sides search,281,11.24,21.0,20.999999999999996,1.0000000000000002,-2.220446049250313e-16,1.0,0.17910000315168872,Customers search,False,0.4,0.0,44.0,19.0,237.0,,
airbnb,Airbnb / short-term rentals,airbnb_dj_0.40,"d_I=0.10, d_J=0.40",False,d_J (with d_I fixed at 0.10),0.4,25,0.1,0.1,0.4,9,Centralized matching,625,25.0,15.0,20.999999999999996,0.7142857142857144,0.2857142857142856,0.6,0.47819999599596485,Customers search,False,,,,,,25.0,27.0
airbnb,Airbnb / short-term rentals,airbnb_dj_0.60,"d_I=0.10, d_J=0.60",False,d_J (with d_I fixed at 0.10),0.6,25,0.1,0.1,0.6,9,Customers search,64,2.56,23.000000000000004,23.0,1.0000000000000002,-2.220446049250313e-16,1.0,0.2257999949506484,Customers search,False,,13.0,51.0,26.0,,,
airbnb,Airbnb / short-term rentals,airbnb_dj_0.60,"d_I=0.10, d_J=0.60",False,d_J (with d_I fixed at 0.10),0.6,25,0.1,0.1,0.6,9,Providers search,238,9.52,23.0,23.0,1.0,0.0,1.0,0.7731000005151145,Customers search,False,,196.0,42.0,17.0,,,
airbnb,Airbnb / short-term rentals,airbnb_dj_0.60,"d_I=0.10, d_J=0.60",False,d_J (with d_I fixed at 0.10),0.6,25,0.1,0.1,0.6,9,Both sides search,64,2.56,23.000000000000004,23.0,1.0000000000000002,-2.220446049250313e-16,1.0,0.23360000341199338,Customers search,False,0.0,13.0,51.0,26.0,0.0,,
airbnb,Airbnb / short-term rentals,airbnb_dj_0.60,"d_I=0.10, d_J=0.60",False,d_J (with d_I fixed at 0.10),0.6,25,0.1,0.1,0.6,9,Centralized matching,625,25.0,20.0,23.0,0.8695652173913043,0.13043478260869568,0.8,0.38019999919924885,Customers search,False,,,,,,25.0,41.0
airbnb,Airbnb / short-term rentals,airbnb_dj_0.80,"d_I=0.10, d_J=0.80",True,d_J (with d_I fixed at 0.10),0.8,25,0.1,0.1,0.8,9,Customers search,59,2.36,23.400000000000006,23.400000000000006,1.0,0.0,1.0,0.21349999587982893,Customers search,False,,7.0,52.0,27.0,,,
airbnb,Airbnb / short-term rentals,airbnb_dj_0.80,"d_I=0.10, d_J=0.80",True,d_J (with d_I fixed at 0.10),0.8,25,0.1,0.1,0.8,9,Providers search,259,10.36,23.400000000000002,23.400000000000006,0.9999999999999999,1.1102230246251565e-16,1.0,0.8186999984900467,Customers search,False,,220.0,39.0,14.0,,,
airbnb,Airbnb / short-term rentals,airbnb_dj_0.80,"d_I=0.10, d_J=0.80",True,d_J (with d_I fixed at 0.10),0.8,25,0.1,0.1,0.8,9,Both sides search,59,2.36,23.400000000000006,23.400000000000006,1.0,0.0,1.0,0.21890000061830506,Customers search,False,0.0,7.0,52.0,27.0,0.0,,
airbnb,Airbnb / short-term rentals,airbnb_dj_0.80,"d_I=0.10, d_J=0.80",True,d_J (with d_I fixed at 0.10),0.8,25,0.1,0.1,0.8,9,Centralized matching,625,25.0,21.0,23.400000000000006,0.8974358974358972,0.10256410256410275,0.84,0.3848000051220879,Customers search,False,,,,,,25.0,51.0
airbnb,Airbnb / short-term rentals,airbnb_dj_1.00,"d_I=0.10, d_J=1.00",False,d_J (with d_I fixed at 0.10),1.0,25,0.1,0.1,1.0,9,Customers search,66,2.64,23.799999999999997,23.799999999999997,1.0,0.0,1.0,0.23939999664435163,Customers search,False,,0.0,66.0,41.0,,,
airbnb,Airbnb / short-term rentals,airbnb_dj_1.00,"d_I=0.10, d_J=1.00",False,d_J (with d_I fixed at 0.10),1.0,25,0.1,0.1,1.0,9,Providers search,252,10.08,23.8,23.799999999999997,1.0000000000000002,-2.220446049250313e-16,1.0,0.793100000009872,Customers search,False,,223.0,29.0,4.0,,,
airbnb,Airbnb / short-term rentals,airbnb_dj_1.00,"d_I=0.10, d_J=1.00",False,d_J (with d_I fixed at 0.10),1.0,25,0.1,0.1,1.0,9,Both sides search,66,2.64,23.799999999999997,23.799999999999997,1.0,0.0,1.0,0.24359999952139333,Customers search,False,0.0,0.0,66.0,41.0,0.0,,
airbnb,Airbnb / short-term rentals,airbnb_dj_1.00,"d_I=0.10, d_J=1.00",False,d_J (with d_I fixed at 0.10),1.0,25,0.1,0.1,1.0,9,Centralized matching,625,25.0,22.0,23.799999999999997,0.9243697478991598,0.07563025210084018,0.88,0.38350000249920413,Customers search,False,,,,,,25.0,59.0
airbnb,Airbnb / short-term rentals,airbnb_dj_0.20,"d_I=0.10, d_J=0.20",False,d_J (with d_I fixed at 0.10),0.2,50,0.1,0.1,0.2,0,Customers search,285,5.7,40.000000000000014,40.00000000000002,0.9999999999999998,2.220446049250313e-16,1.0,0.9017999982461333,Customers search,False,,186.0,99.0,49.0,,,
airbnb,Airbnb / short-term rentals,airbnb_dj_0.20,"d_I=0.10, d_J=0.20",False,d_J (with d_I fixed at 0.10),0.2,50,0.1,0.1,0.2,0,Providers search,553,11.06,40.000000000000014,40.00000000000002,0.9999999999999998,2.220446049250313e-16,1.0,1.8944999974337406,Customers search,False,,433.0,120.0,70.0,,,
airbnb,Airbnb / short-term rentals,airbnb_dj_0.20,"d_I=0.10, d_J=0.20",False,d_J (with d_I fixed at 0.10),0.2,50,0.1,0.1,0.2,0,Both sides search,613,12.26,40.00000000000002,40.00000000000002,1.0,0.0,1.0,0.3584000005503185,Customers search,False,0.4,0.0,90.0,40.0,523.0,,
airbnb,Airbnb / short-term rentals,airbnb_dj_0.20,"d_I=0.10, d_J=0.20",False,d_J (with d_I fixed at 0.10),0.2,50,0.1,0.1,0.2,0,Centralized matching,2500,50.0,25.0,40.00000000000002,0.6249999999999997,0.37500000000000033,0.5,0.7703000010224059,Customers search,False,,,,,,50.0,44.0
airbnb,Airbnb / short-term rentals,airbnb_dj_0.40,"d_I=0.10, d_J=0.40",False,d_J (with d_I fixed at 0.10),0.4,50,0.1,0.1,0.4,0,Customers search,208,4.16,44.80000000000001,44.80000000000001,1.0,0.0,1.0,0.671899993903935,Customers search,False,,114.0,94.0,44.0,,,
airbnb,Airbnb / short-term rentals,airbnb_dj_0.40,"d_I=0.10, d_J=0.40",False,d_J (with d_I fixed at 0.10),0.4,50,0.1,0.1,0.4,0,Providers search,701,14.02,44.80000000000001,44.80000000000001,1.0,0.0,1.0,2.2465999936684966,Customers search,False,,599.0,102.0,52.0,,,
airbnb,Airbnb / short-term rentals,airbnb_dj_0.40,"d_I=0.10, d_J=0.40",False,d_J (with d_I fixed at 0.10),0.4,50,0.1,0.1,0.4,0,Both sides search,208,4.16,44.80000000000001,44.80000000000001,1.0,0.0,1.0,0.673100003041327,Customers search,False,0.0,114.0,94.0,44.0,0.0,,
airbnb,Airbnb / short-term rentals,airbnb_dj_0.40,"d_I=0.10, d_J=0.40",False,d_J (with d_I fixed at 0.10),0.4,50,0.1,0.1,0.4,0,Centralized matching,2500,50.0,37.0,44.80000000000001,0.825892857142857,0.17410714285714302,0.74,0.7681999995838851,Customers search,False,,,,,,50.0,103.0
airbnb,Airbnb / short-term rentals,airbnb_dj_0.60,"d_I=0.10, d_J=0.60",False,d_J (with d_I fixed at 0.10),0.6,50,0.1,0.1,0.6,0,Customers search,139,2.78,48.400000000000006,48.400000000000006,1.0,0.0,1.0,0.46570000267820433,Customers search,False,,50.0,89.0,39.0,,,
airbnb,Airbnb / short-term rentals,airbnb_dj_0.60,"d_I=0.10, d_J=0.60",False,d_J (with d_I fixed at 0.10),0.6,50,0.1,0.1,0.6,0,Providers search,1008,20.16,48.400000000000006,48.400000000000006,1.0,0.0,1.0,3.1893999985186383,Customers search,False,,872.0,136.0,86.0,,,
airbnb,Airbnb / short-term rentals,airbnb_dj_0.60,"d_I=0.10, d_J=0.60",False,d_J (with d_I fixed at 0.10),0.6,50,0.1,0.1,0.6,0,Both sides search,139,2.78,48.400000000000006,48.400000000000006,1.0,0.0,1.0,0.4726000042865053,Customers search,False,0.0,50.0,89.0,39.0,0.0,,
airbnb,Airbnb / short-term rentals,airbnb_dj_0.60,"d_I=0.10, d_J=0.60",False,d_J (with d_I fixed at 0.10),0.6,50,0.1,0.1,0.6,0,Centralized matching,2500,50.0,46.0,48.400000000000006,0.9504132231404958,0.04958677685950419,0.92,0.7673000000067987,Customers search,False,,,,,,50.0,166.0
airbnb,Airbnb / short-term rentals,airbnb_dj_0.80,"d_I=0.10, d_J=0.80",True,d_J (with d_I fixed at 0.10),0.8,50,0.1,0.1,0.8,0,Customers search,89,1.78,48.800000000000004,48.800000000000004,1.0,0.0,1.0,0.30639999749837443,Customers search,False,,20.0,69.0,19.0,,,
airbnb,Airbnb / short-term rentals,airbnb_dj_0.80,"d_I=0.10, d_J=0.80",True,d_J (with d_I fixed at 0.10),0.8,50,0.1,0.1,0.8,0,Providers search,1149,22.98,48.800000000000004,48.800000000000004,1.0,0.0,1.0,3.6981999946874566,Customers search,False,,998.0,151.0,101.0,,,
airbnb,Airbnb / short-term rentals,airbnb_dj_0.80,"d_I=0.10, d_J=0.80",True,d_J (with d_I fixed at 0.10),0.8,50,0.1,0.1,0.8,0,Both sides search,89,1.78,48.800000000000004,48.800000000000004,1.0,0.0,1.0,0.319499995384831,Customers search,False,0.0,20.0,69.0,19.0,0.0,,
airbnb,Airbnb / short-term rentals,airbnb_dj_0.80,"d_I=0.10, d_J=0.80",True,d_J (with d_I fixed at 0.10),0.8,50,0.1,0.1,0.8,0,Centralized matching,2500,50.0,47.0,48.800000000000004,0.9631147540983606,0.03688524590163944,0.94,0.7755999977234751,Customers search,False,,,,,,50.0,215.0
airbnb,Airbnb / short-term rentals,airbnb_dj_1.00,"d_I=0.10, d_J=1.00",False,d_J (with d_I fixed at 0.10),1.0,50,0.1,0.1,1.0,0,Customers search,72,1.44,49.6,49.6,1.0,0.0,1.0,0.25940000341506675,Customers search,False,,0.0,72.0,22.0,,,
airbnb,Airbnb / short-term rentals,airbnb_dj_1.00,"d_I=0.10, d_J=1.00",False,d_J (with d_I fixed at 0.10),1.0,50,0.1,0.1,1.0,0,Providers search,1028,20.56,49.6,49.6,1.0,0.0,1.0,3.2471999948029406,Customers search,False,,910.0,118.0,68.0,,,
airbnb,Airbnb / short-term rentals,airbnb_dj_1.00,"d_I=0.10, d_J=1.00",False,d_J (with d_I fixed at 0.10),1.0,50,0.1,0.1,1.0,0,Both sides search,72,1.44,49.6,49.6,1.0,0.0,1.0,0.26709999656304717,Customers search,False,0.0,0.0,72.0,22.0,0.0,,
airbnb,Airbnb / short-term rentals,airbnb_dj_1.00,"d_I=0.10, d_J=1.00",False,d_J (with d_I fixed at 0.10),1.0,50,0.1,0.1,1.0,0,Centralized matching,2500,50.0,49.0,49.6,0.9879032258064516,0.012096774193548376,0.98,0.7765999980620109,Customers search,False,,,,,,50.0,269.0
airbnb,Airbnb / short-term rentals,airbnb_dj_0.20,"d_I=0.10, d_J=0.20",False,d_J (with d_I fixed at 0.10),0.2,50,0.1,0.1,0.2,1,Customers search,332,6.64,42.80000000000002,42.80000000000001,1.0000000000000002,-2.220446049250313e-16,1.0,1.053799998771865,Customers search,False,,212.0,120.0,70.0,,,
airbnb,Airbnb / short-term rentals,airbnb_dj_0.20,"d_I=0.10, d_J=0.20",False,d_J (with d_I fixed at 0.10),0.2,50,0.1,0.1,0.2,1,Providers search,406,8.12,42.80000000000002,42.80000000000001,1.0000000000000002,-2.220446049250313e-16,1.0,1.2895000036223792,Customers search,False,,311.0,95.0,45.0,,,
airbnb,Airbnb / short-term rentals,airbnb_dj_0.20,"d_I=0.10, d_J=0.20",False,d_J (with d_I fixed at 0.10),0.2,50,0.1,0.1,0.2,1,Both sides search,598,11.96,42.80000000000002,42.80000000000001,1.0000000000000002,-2.220446049250313e-16,1.0,0.42640000174287707,Customers search,False,0.4,0.0,114.0,64.0,484.0,,
airbnb,Airbnb / short-term rentals,airbnb_dj_0.20,"d_I=0.10, d_J=0.20",False,d_J (with d_I fixed at 0.10),0.2,50,0.1,0.1,0.2,1,Centralized matching,2500,50.0,32.0,42.80000000000001,0.7476635514018689,0.2523364485981311,0.64,0.7664000004297122,Customers search,False,,,,,,50.0,61.0
airbnb,Airbnb / short-term rentals,airbnb_dj_0.40,"d_I=0.10, d_J=0.40",False,d_J (with d_I fixed at 0.10),0.4,50,0.1,0.1,0.4,1,Customers search,308,6.16,46.80000000000001,46.800000000000004,1.0000000000000002,-2.220446049250313e-16,1.0,0.9915999980876222,Customers search,False,,149.0,159.0,109.0,,,
airbnb,Airbnb / short-term rentals,airbnb_dj_0.40,"d_I=0.10, d_J=0.40",False,d_J (with d_I fixed at 0.10),0.4,50,0.1,0.1,0.4,1,Providers search,684,13.68,46.800000000000004,46.800000000000004,1.0,0.0,1.0,2.1933999960310757,Customers search,False,,561.0,123.0,73.0,,,
airbnb,Airbnb / short-term rentals,airbnb_dj_0.40,"d_I=0.10, d_J=0.40",False,d_J (with d_I fixed at 0.10),0.4,50,0.1,0.1,0.4,1,Both sides search,308,6.16,46.80000000000001,46.800000000000004,1.0000000000000002,-2.220446049250313e-16,1.0,1.0048999974969774,Customers search,False,0.0,149.0,159.0,109.0,0.0,,
airbnb,Airbnb / short-term rentals,airbnb_dj_0.40,"d_I=0.10, d_J=0.40",False,d_J (with d_I fixed at 0.10),0.4,50,0.1,0.1,0.4,1,Centralized matching,2500,50.0,43.0,46.800000000000004,0.9188034188034188,0.08119658119658124,0.86,0.7784000044921413,Customers search,False,,,,,,50.0,117.0
airbnb,Airbnb / short-term rentals,airbnb_dj_0.60,"d_I=0.10, d_J=0.60",False,d_J (with d_I fixed at 0.10),0.6,50,0.1,0.1,0.6,1,Customers search,231,4.62,48.4,48.4,1.0,0.0,1.0,0.7598000011057593,Customers search,False,,81.0,150.0,100.0,,,
airbnb,Airbnb / short-term rentals,airbnb_dj_0.60,"d_I=0.10, d_J=0.60",False,d_J (with d_I fixed at 0.10),0.6,50,0.1,0.1,0.6,1,Providers search,608,12.16,48.400000000000006,48.4,1.0000000000000002,-2.220446049250313e-16,1.0,1.949000004970003,Customers search,False,,528.0,80.0,30.0,,,
airbnb,Airbnb / short-term rentals,airbnb_dj_0.60,"d_I=0.10, d_J=0.60",False,d_J (with d_I fixed at 0.10),0.6,50,0.1,0.1,0.6,1,Both sides search,231,4.62,48.4,48.4,1.0,0.0,1.0,0.7715999963693321,Customers search,False,0.0,81.0,150.0,100.0,0.0,,
airbnb,Airbnb / short-term rentals,airbnb_dj_0.60,"d_I=0.10, d_J=0.60",False,d_J (with d_I fixed at 0.10),0.6,50,0.1,0.1,0.6,1,Centralized matching,2500,50.0,46.0,48.4,0.9504132231404959,0.04958677685950408,0.92,0.7851999980630353,Customers search,False,,,,,,50.0,155.0
airbnb,Airbnb / short-term rentals,airbnb_dj_0.80,"d_I=0.10, d_J=0.80",True,d_J (with d_I fixed at 0.10),0.8,50,0.1,0.1,0.8,1,Customers search,118,2.36,49.6,49.6,1.0,0.0,1.0,0.399799995648209,Customers search,False,,26.0,92.0,42.0,,,
airbnb,Airbnb / short-term rentals,airbnb_dj_0.80,"d_I=0.10, d_J=0.80",True,d_J (with d_I fixed at 0.10),0.8,50,0.1,0.1,0.8,1,Providers search,1134,22.68,49.6,49.6,1.0,0.0,1.0,3.5623000003397465,Customers search,False,,989.0,145.0,95.0,,,
airbnb,Airbnb / short-term rentals,airbnb_dj_0.80,"d_I=0.10, d_J=0.80",True,d_J (with d_I fixed at 0.10),0.8,50,0.1,0.1,0.8,1,Both sides search,118,2.36,49.6,49.6,1.0,0.0,1.0,0.4048999981023371,Customers search,False,0.0,26.0,92.0,42.0,0.0,,
airbnb,Airbnb / short-term rentals,airbnb_dj_0.80,"d_I=0.10, d_J=0.80",True,d_J (with d_I fixed at 0.10),0.8,50,0.1,0.1,0.8,1,Centralized matching,2500,50.0,49.0,49.6,0.9879032258064516,0.012096774193548376,0.98,0.8135000025504269,Customers search,False,,,,,,50.0,212.0
airbnb,Airbnb / short-term rentals,airbnb_dj_1.00,"d_I=0.10, d_J=1.00",False,d_J (with d_I fixed at 0.10),1.0,50,0.1,0.1,1.0,1,Customers search,97,1.94,50.0,50.0,1.0,0.0,1.0,0.3412999940337613,Customers search,False,,0.0,97.0,47.0,,,
airbnb,Airbnb / short-term rentals,airbnb_dj_1.00,"d_I=0.10, d_J=1.00",False,d_J (with d_I fixed at 0.10),1.0,50,0.1,0.1,1.0,1,Providers search,885,17.7,50.0,50.0,1.0,0.0,1.0,2.8316999960225075,Customers search,False,,783.0,102.0,52.0,,,
airbnb,Airbnb / short-term rentals,airbnb_dj_1.00,"d_I=0.10, d_J=1.00",False,d_J (with d_I fixed at 0.10),1.0,50,0.1,0.1,1.0,1,Both sides search,97,1.94,50.0,50.0,1.0,0.0,1.0,0.3620999996201135,Customers search,False,0.0,0.0,97.0,47.0,0.0,,
airbnb,Airbnb / short-term rentals,airbnb_dj_1.00,"d_I=0.10, d_J=1.00",False,d_J (with d_I fixed at 0.10),1.0,50,0.1,0.1,1.0,1,Centralized matching,2500,50.0,50.0,50.0,1.0,0.0,1.0,0.779100002546329,Customers search,False,,,,,,50.0,272.0
airbnb,Airbnb / short-term rentals,airbnb_dj_0.20,"d_I=0.10, d_J=0.20",False,d_J (with d_I fixed at 0.10),0.2,50,0.1,0.1,0.2,2,Customers search,284,5.68,40.00000000000002,40.000000000000014,1.0000000000000002,-2.220446049250313e-16,1.0,0.8907000010367483,Customers search,False,,183.0,101.0,51.0,,,
airbnb,Airbnb / short-term rentals,airbnb_dj_0.20,"d_I=0.10, d_J=0.20",False,d_J (with d_I fixed at 0.10),0.2,50,0.1,0.1,0.2,2,Providers search,435,8.7,40.000000000000014,40.000000000000014,1.0,0.0,1.0,1.377599997795187,Customers search,False,,357.0,78.0,28.0,,,
airbnb,Airbnb / short-term rentals,airbnb_dj_0.20,"d_I=0.10, d_J=0.20",False,d_J (with d_I fixed at 0.10),0.2,50,0.1,0.1,0.2,2,Both sides search,613,12.26,40.000000000000014,40.000000000000014,1.0,0.0,1.0,0.41000000055646524,Customers search,False,0.4,0.0,107.0,57.0,506.0,,
airbnb,Airbnb / short-term rentals,airbnb_dj_0.20,"d_I=0.10, d_J=0.20",False,d_J (with d_I fixed at 0.10),0.2,50,0.1,0.1,0.2,2,Centralized matching,2500,50.0,25.0,40.000000000000014,0.6249999999999998,0.3750000000000002,0.5,0.7583000042359345,Customers search,False,,,,,,50.0,46.0
airbnb,Airbnb / short-term rentals,airbnb_dj_0.40,"d_I=0.10, d_J=0.40",False,d_J (with d_I fixed at 0.10),0.4,50,0.1,0.1,0.4,2,Customers search,182,3.64,44.800000000000004,44.800000000000004,1.0,0.0,1.0,0.5865999992238358,Customers search,False,,100.0,82.0,32.0,,,
airbnb,Airbnb / short-term rentals,airbnb_dj_0.40,"d_I=0.10, d_J=0.40",False,d_J (with d_I fixed at 0.10),0.4,50,0.1,0.1,0.4,2,Providers search,714,14.28,44.800000000000004,44.800000000000004,1.0,0.0,1.0,2.3029000003589317,Customers search,False,,611.0,103.0,53.0,,,
airbnb,Airbnb / short-term rentals,airbnb_dj_0.40,"d_I=0.10, d_J=0.40",False,d_J (with d_I fixed at 0.10),0.4,50,0.1,0.1,0.4,2,Both sides search,182,3.64,44.800000000000004,44.800000000000004,1.0,0.0,1.0,0.600500003201887,Customers search,False,0.0,100.0,82.0,32.0,0.0,,
airbnb,Airbnb / short-term rentals,airbnb_dj_0.40,"d_I=0.10, d_J=0.40",False,d_J (with d_I fixed at 0.10),0.4,50,0.1,0.1,0.4,2,Centralized matching,2500,50.0,37.0,44.800000000000004,0.8258928571428571,0.1741071428571429,0.74,0.7695000022067688,Customers search,False,,,,,,50.0,96.0
airbnb,Airbnb / short-term rentals,airbnb_dj_0.60,"d_I=0.10, d_J=0.60",False,d_J (with d_I fixed at 0.10),0.6,50,0.1,0.1,0.6,2,Customers search,136,2.72,48.0,48.0,1.0,0.0,1.0,0.5180000007385388,Customers search,False,,50.0,86.0,36.0,,,
airbnb,Airbnb / short-term rentals,airbnb_dj_0.60,"d_I=0.10, d_J=0.60",False,d_J (with d_I fixed at 0.10),0.6,50,0.1,0.1,0.6,2,Providers search,957,19.14,48.00000000000001,48.0,1.0000000000000002,-2.220446049250313e-16,1.0,3.1055999934324063,Customers search,False,,833.0,124.0,74.0,,,
airbnb,Airbnb / short-term rentals,airbnb_dj_0.60,"d_I=0.10, d_J=0.60",False,d_J (with d_I fixed at 0.10),0.6,50,0.1,0.1,0.6,2,Both sides search,136,2.72,48.0,48.0,1.0,0.0,1.0,0.46410000504693016,Customers search,False,0.0,50.0,86.0,36.0,0.0,,
airbnb,Airbnb / short-term rentals,airbnb_dj_0.60,"d_I=0.10, d_J=0.60",False,d_J (with d_I fixed at 0.10),0.6,50,0.1,0.1,0.6,2,Centralized matching,2500,50.0,45.0,48.0,0.9375,0.0625,0.9,0.7815999997546896,Customers search,False,,,,,,50.0,148.0
airbnb,Airbnb / short-term rentals,airbnb_dj_0.80,"d_I=0.10, d_J=0.80",True,d_J (with d_I fixed at 0.10),0.8,50,0.1,0.1,0.8,2,Customers search,113,2.26,49.2,49.2,1.0,0.0,1.0,0.3802999999606982,Customers search,False,,26.0,87.0,37.0,,,
airbnb,Airbnb / short-term rentals,airbnb_dj_0.80,"d_I=0.10, d_J=0.80",True,d_J (with d_I fixed at 0.10),0.8,50,0.1,0.1,0.8,2,Providers search,1192,23.84,49.2,49.2,1.0,0.0,1.0,3.75029999850085,Customers search,False,,1058.0,134.0,84.0,,,
airbnb,Airbnb / short-term rentals,airbnb_dj_0.80,"d_I=0.10, d_J=0.80",True,d_J (with d_I fixed at 0.10),0.8,50,0.1,0.1,0.8,2,Both sides search,113,2.26,49.2,49.2,1.0,0.0,1.0,0.3938000008929521,Customers search,False,0.0,26.0,87.0,37.0,0.0,,
airbnb,Airbnb / short-term rentals,airbnb_dj_0.80,"d_I=0.10, d_J=0.80",True,d_J (with d_I fixed at 0.10),0.8,50,0.1,0.1,0.8,2,Centralized matching,2500,50.0,48.0,49.2,0.975609756097561,0.024390243902439046,0.96,0.766799996199552,Customers search,False,,,,,,50.0,200.0
airbnb,Airbnb / short-term rentals,airbnb_dj_1.00,"d_I=0.10, d_J=1.00",False,d_J (with d_I fixed at 0.10),1.0,50,0.1,0.1,1.0,2,Customers search,66,1.32,49.6,49.6,1.0,0.0,1.0,0.23949999740580097,Customers search,False,,0.0,66.0,16.0,,,
airbnb,Airbnb / short-term rentals,airbnb_dj_1.00,"d_I=0.10, d_J=1.00",False,d_J (with d_I fixed at 0.10),1.0,50,0.1,0.1,1.0,2,Providers search,1127,22.54,49.6,49.6,1.0,0.0,1.0,3.5582000055001117,Customers search,False,,1022.0,105.0,55.0,,,
airbnb,Airbnb / short-term rentals,airbnb_dj_1.00,"d_I=0.10, d_J=1.00",False,d_J (with d_I fixed at 0.10),1.0,50,0.1,0.1,1.0,2,Both sides search,66,1.32,49.6,49.6,1.0,0.0,1.0,0.24500000290572643,Customers search,False,0.0,0.0,66.0,16.0,0.0,,
airbnb,Airbnb / short-term rentals,airbnb_dj_1.00,"d_I=0.10, d_J=1.00",False,d_J (with d_I fixed at 0.10),1.0,50,0.1,0.1,1.0,2,Centralized matching,2500,50.0,49.0,49.6,0.9879032258064516,0.012096774193548376,0.98,0.7665000011911616,Customers search,False,,,,,,50.0,249.0
airbnb,Airbnb / short-term rentals,airbnb_dj_0.20,"d_I=0.10, d_J=0.20",False,d_J (with d_I fixed at 0.10),0.2,50,0.1,0.1,0.2,3,Customers search,286,5.72,41.60000000000002,41.60000000000002,1.0,0.0,1.0,0.9078000002773479,Customers search,False,,187.0,99.0,49.0,,,
airbnb,Airbnb / short-term rentals,airbnb_dj_0.20,"d_I=0.10, d_J=0.20",False,d_J (with d_I fixed at 0.10),0.2,50,0.1,0.1,0.2,3,Providers search,402,8.04,41.60000000000002,41.60000000000002,1.0,0.0,1.0,1.2901000009151176,Customers search,False,,311.0,91.0,41.0,,,
airbnb,Airbnb / short-term rentals,airbnb_dj_0.20,"d_I=0.10, d_J=0.20",False,d_J (with d_I fixed at 0.10),0.2,50,0.1,0.1,0.2,3,Both sides search,570,11.4,41.60000000000002,41.60000000000002,1.0,0.0,1.0,0.3799999976763502,Customers search,False,0.4,0.0,92.0,42.0,478.0,,
airbnb,Airbnb / short-term rentals,airbnb_dj_0.20,"d_I=0.10, d_J=0.20",False,d_J (with d_I fixed at 0.10),0.2,50,0.1,0.1,0.2,3,Centralized matching,2500,50.0,29.0,41.60000000000002,0.6971153846153842,0.30288461538461575,0.58,0.7731000005151145,Customers search,False,,,,,,50.0,57.0
airbnb,Airbnb / short-term rentals,airbnb_dj_0.40,"d_I=0.10, d_J=0.40",False,d_J (with d_I fixed at 0.10),0.4,50,0.1,0.1,0.4,3,Customers search,223,4.46,47.60000000000001,47.60000000000001,1.0,0.0,1.0,0.7317999989027157,Customers search,False,,92.0,131.0,81.0,,,
airbnb,Airbnb / short-term rentals,airbnb_dj_0.40,"d_I=0.10, d_J=0.40",False,d_J (with d_I fixed at 0.10),0.4,50,0.1,0.1,0.4,3,Providers search,666,13.32,47.60000000000001,47.60000000000001,1.0,0.0,1.0,2.1231999999145046,Customers search,False,,546.0,120.0,70.0,,,
airbnb,Airbnb / short-term rentals,airbnb_dj_0.40,"d_I=0.10, d_J=0.40",False,d_J (with d_I fixed at 0.10),0.4,50,0.1,0.1,0.4,3,Both sides search,223,4.46,47.60000000000001,47.60000000000001,1.0,0.0,1.0,0.734799999918323,Customers search,False,0.0,92.0,131.0,81.0,0.0,,
airbnb,Airbnb / short-term rentals,airbnb_dj_0.40,"d_I=0.10, d_J=0.40",False,d_J (with d_I fixed at 0.10),0.4,50,0.1,0.1,0.4,3,Centralized matching,2500,50.0,44.0,47.60000000000001,0.9243697478991595,0.07563025210084051,0.88,0.7775000049150549,Customers search,False,,,,,,50.0,125.0
airbnb,Airbnb / short-term rentals,airbnb_dj_0.60,"d_I=0.10, d_J=0.60",False,d_J (with d_I fixed at 0.10),0.6,50,0.1,0.1,0.6,3,Customers search,184,3.68,48.800000000000004,48.800000000000004,1.0,0.0,1.0,0.6166000021039508,Customers search,False,,49.0,135.0,85.0,,,
airbnb,Airbnb / short-term rentals,airbnb_dj_0.60,"d_I=0.10, d_J=0.60",False,d_J (with d_I fixed at 0.10),0.6,50,0.1,0.1,0.6,3,Providers search,684,13.68,48.8,48.800000000000004,0.9999999999999999,1.1102230246251565e-16,1.0,2.1938999998383224,Customers search,False,,596.0,88.0,38.0,,,
airbnb,Airbnb / short-term rentals,airbnb_dj_0.60,"d_I=0.10, d_J=0.60",False,d_J (with d_I fixed at 0.10),0.6,50,0.1,0.1,0.6,3,Both sides search,184,3.68,48.800000000000004,48.800000000000004,1.0,0.0,1.0,0.6364000000758097,Customers search,False,0.0,49.0,135.0,85.0,0.0,,
airbnb,Airbnb / short-term rentals,airbnb_dj_0.60,"d_I=0.10, d_J=0.60",False,d_J (with d_I fixed at 0.10),0.6,50,0.1,0.1,0.6,3,Centralized matching,2500,50.0,47.0,48.800000000000004,0.9631147540983606,0.03688524590163944,0.94,0.7769999938318506,Customers search,False,,,,,,50.0,170.0
airbnb,Airbnb / short-term rentals,airbnb_dj_0.80,"d_I=0.10, d_J=0.80",True,d_J (with d_I fixed at 0.10),0.8,50,0.1,0.1,0.8,3,Customers search,112,2.24,50.0,50.0,1.0,0.0,1.0,0.3842999940388836,Customers search,False,,20.0,92.0,42.0,,,
airbnb,Airbnb / short-term rentals,airbnb_dj_0.80,"d_I=0.10, d_J=0.80",True,d_J (with d_I fixed at 0.10),0.8,50,0.1,0.1,0.8,3,Providers search,531,10.62,50.0,50.0,1.0,0.0,1.0,1.6780000005383044,Customers search,False,,467.0,64.0,14.0,,,
airbnb,Airbnb / short-term rentals,airbnb_dj_0.80,"d_I=0.10, d_J=0.80",True,d_J (with d_I fixed at 0.10),0.8,50,0.1,0.1,0.8,3,Both sides search,112,2.24,50.0,50.0,1.0,0.0,1.0,0.38970000605331734,Customers search,False,0.0,20.0,92.0,42.0,0.0,,
airbnb,Airbnb / short-term rentals,airbnb_dj_0.80,"d_I=0.10, d_J=0.80",True,d_J (with d_I fixed at 0.10),0.8,50,0.1,0.1,0.8,3,Centralized matching,2500,50.0,50.0,50.0,1.0,0.0,1.0,0.7736000043223612,Customers search,False,,,,,,50.0,208.0
airbnb,Airbnb / short-term rentals,airbnb_dj_1.00,"d_I=0.10, d_J=1.00",False,d_J (with d_I fixed at 0.10),1.0,50,0.1,0.1,1.0,3,Customers search,63,1.26,50.0,50.0,1.0,0.0,1.0,0.23409999994328246,Customers search,False,,0.0,63.0,13.0,,,
airbnb,Airbnb / short-term rentals,airbnb_dj_1.00,"d_I=0.10, d_J=1.00",False,d_J (with d_I fixed at 0.10),1.0,50,0.1,0.1,1.0,3,Providers search,576,11.52,50.0,50.0,1.0,0.0,1.0,1.9250000041211024,Customers search,False,,507.0,69.0,19.0,,,
airbnb,Airbnb / short-term rentals,airbnb_dj_1.00,"d_I=0.10, d_J=1.00",False,d_J (with d_I fixed at 0.10),1.0,50,0.1,0.1,1.0,3,Both sides search,63,1.26,50.0,50.0,1.0,0.0,1.0,0.24710000434424728,Customers search,False,0.0,0.0,63.0,13.0,0.0,,
airbnb,Airbnb / short-term rentals,airbnb_dj_1.00,"d_I=0.10, d_J=1.00",False,d_J (with d_I fixed at 0.10),1.0,50,0.1,0.1,1.0,3,Centralized matching,2500,50.0,50.0,50.0,1.0,0.0,1.0,0.7897999967099167,Customers search,False,,,,,,50.0,249.0
airbnb,Airbnb / short-term rentals,airbnb_dj_0.20,"d_I=0.10, d_J=0.20",False,d_J (with d_I fixed at 0.10),0.2,50,0.1,0.1,0.2,4,Customers search,270,5.4,40.80000000000001,40.80000000000001,1.0,0.0,1.0,0.8518000031472184,Customers search,False,,170.0,100.0,50.0,,,
airbnb,Airbnb / short-term rentals,airbnb_dj_0.20,"d_I=0.10, d_J=0.20",False,d_J (with d_I fixed at 0.10),0.2,50,0.1,0.1,0.2,4,Providers search,494,9.88,40.80000000000002,40.80000000000001,1.0000000000000002,-2.220446049250313e-16,1.0,1.581899996381253,Customers search,False,,368.0,126.0,76.0,,,
airbnb,Airbnb / short-term rentals,airbnb_dj_0.20,"d_I=0.10, d_J=0.20",False,d_J (with d_I fixed at 0.10),0.2,50,0.1,0.1,0.2,4,Both sides search,611,12.22,40.80000000000002,40.80000000000001,1.0000000000000002,-2.220446049250313e-16,1.0,0.3721999964909628,Customers search,False,0.4,0.0,96.0,46.0,515.0,,
airbnb,Airbnb / short-term rentals,airbnb_dj_0.20,"d_I=0.10, d_J=0.20",False,d_J (with d_I fixed at 0.10),0.2,50,0.1,0.1,0.2,4,Centralized matching,2500,50.0,27.0,40.80000000000001,0.6617647058823528,0.3382352941176472,0.54,0.7554000039817765,Customers search,False,,,,,,50.0,58.0
airbnb,Airbnb / short-term rentals,airbnb_dj_0.40,"d_I=0.10, d_J=0.40",False,d_J (with d_I fixed at 0.10),0.4,50,0.1,0.1,0.4,4,Customers search,206,4.12,46.40000000000001,46.40000000000001,1.0,0.0,1.0,0.6725999992340803,Customers search,False,,97.0,109.0,59.0,,,
airbnb,Airbnb / short-term rentals,airbnb_dj_0.40,"d_I=0.10, d_J=0.40",False,d_J (with d_I fixed at 0.10),0.4,50,0.1,0.1,0.4,4,Providers search,646,12.92,46.40000000000001,46.40000000000001,1.0,0.0,1.0,2.0498999947449192,Customers search,False,,551.0,95.0,45.0,,,
airbnb,Airbnb / short-term rentals,airbnb_dj_0.40,"d_I=0.10, d_J=0.40",False,d_J (with d_I fixed at 0.10),0.4,50,0.1,0.1,0.4,4,Both sides search,206,4.12,46.40000000000001,46.40000000000001,1.0,0.0,1.0,0.6772999986424111,Customers search,False,0.0,97.0,109.0,59.0,0.0,,
airbnb,Airbnb / short-term rentals,airbnb_dj_0.40,"d_I=0.10, d_J=0.40",False,d_J (with d_I fixed at 0.10),0.4,50,0.1,0.1,0.4,4,Centralized matching,2500,50.0,41.0,46.40000000000001,0.8836206896551722,0.11637931034482785,0.82,0.77449999662349,Customers search,False,,,,,,50.0,108.0
airbnb,Airbnb / short-term rentals,airbnb_dj_0.60,"d_I=0.10, d_J=0.60",False,d_J (with d_I fixed at 0.10),0.6,50,0.1,0.1,0.6,4,Customers search,144,2.88,48.400000000000006,48.800000000000004,0.9918032786885246,0.008196721311475419,1.0,0.4853999998886138,Customers search,False,,44.0,100.0,50.0,,,
airbnb,Airbnb / short-term rentals,airbnb_dj_0.60,"d_I=0.10, d_J=0.60",False,d_J (with d_I fixed at 0.10),0.6,50,0.1,0.1,0.6,4,Providers search,829,16.58,48.400000000000006,48.800000000000004,0.9918032786885246,0.008196721311475419,1.0,2.640300001075957,Customers search,False,,726.0,103.0,53.0,,,
airbnb,Airbnb / short-term rentals,airbnb_dj_0.60,"d_I=0.10, d_J=0.60",False,d_J (with d_I fixed at 0.10),0.6,50,0.1,0.1,0.6,4,Both sides search,144,2.88,48.400000000000006,48.800000000000004,0.9918032786885246,0.008196721311475419,1.0,0.5011000030208379,Customers search,False,0.0,44.0,100.0,50.0,0.0,,
airbnb,Airbnb / short-term rentals,airbnb_dj_0.60,"d_I=0.10, d_J=0.60",False,d_J (with d_I fixed at 0.10),0.6,50,0.1,0.1,0.6,4,Centralized matching,2500,50.0,47.0,48.800000000000004,0.9631147540983606,0.03688524590163944,0.94,0.7729999997536652,Customers search,False,,,,,,50.0,155.0
airbnb,Airbnb / short-term rentals,airbnb_dj_0.80,"d_I=0.10, d_J=0.80",True,d_J (with d_I fixed at 0.10),0.8,50,0.1,0.1,0.8,4,Customers search,176,3.52,48.800000000000004,48.800000000000004,1.0,0.0,1.0,0.7269000052474439,Customers search,False,,22.0,154.0,104.0,,,
airbnb,Airbnb / short-term rentals,airbnb_dj_0.80,"d_I=0.10, d_J=0.80",True,d_J (with d_I fixed at 0.10),0.8,50,0.1,0.1,0.8,4,Providers search,635,12.7,48.800000000000004,48.800000000000004,1.0,0.0,1.0,1.9488000034471042,Customers search,False,,569.0,66.0,16.0,,,
airbnb,Airbnb / short-term rentals,airbnb_dj_0.80,"d_I=0.10, d_J=0.80",True,d_J (with d_I fixed at 0.10),0.8,50,0.1,0.1,0.8,4,Both sides search,176,3.52,48.800000000000004,48.800000000000004,1.0,0.0,1.0,0.6053999968571588,Customers search,False,0.0,22.0,154.0,104.0,0.0,,
airbnb,Airbnb / short-term rentals,airbnb_dj_0.80,"d_I=0.10, d_J=0.80",True,d_J (with d_I fixed at 0.10),0.8,50,0.1,0.1,0.8,4,Centralized matching,2500,50.0,47.0,48.800000000000004,0.9631147540983606,0.03688524590163944,0.94,0.7879999975557439,Customers search,False,,,,,,50.0,200.0
airbnb,Airbnb / short-term rentals,airbnb_dj_1.00,"d_I=0.10, d_J=1.00",False,d_J (with d_I fixed at 0.10),1.0,50,0.1,0.1,1.0,4,Customers search,154,3.08,49.6,49.6,1.0,0.0,1.0,0.5403999966802076,Customers search,False,,0.0,154.0,104.0,,,
airbnb,Airbnb / short-term rentals,airbnb_dj_1.00,"d_I=0.10, d_J=1.00",False,d_J (with d_I fixed at 0.10),1.0,50,0.1,0.1,1.0,4,Providers search,758,15.16,49.6,49.6,1.0,0.0,1.0,2.423600002657622,Customers search,False,,673.0,85.0,35.0,,,
airbnb,Airbnb / short-term rentals,airbnb_dj_1.00,"d_I=0.10, d_J=1.00",False,d_J (with d_I fixed at 0.10),1.0,50,0.1,0.1,1.0,4,Both sides search,154,3.08,49.6,49.6,1.0,0.0,1.0,0.5487999951583333,Customers search,False,0.0,0.0,154.0,104.0,0.0,,
airbnb,Airbnb / short-term rentals,airbnb_dj_1.00,"d_I=0.10, d_J=1.00",False,d_J (with d_I fixed at 0.10),1.0,50,0.1,0.1,1.0,4,Centralized matching,2500,50.0,49.0,49.6,0.9879032258064516,0.012096774193548376,0.98,0.7801999963703565,Customers search,False,,,,,,50.0,245.0
airbnb,Airbnb / short-term rentals,airbnb_dj_0.20,"d_I=0.10, d_J=0.20",False,d_J (with d_I fixed at 0.10),0.2,50,0.1,0.1,0.2,5,Customers search,318,6.36,39.60000000000002,39.60000000000002,1.0,0.0,1.0,0.9963000047719106,Customers search,False,,204.0,114.0,64.0,,,
airbnb,Airbnb / short-term rentals,airbnb_dj_0.20,"d_I=0.10, d_J=0.20",False,d_J (with d_I fixed at 0.10),0.2,50,0.1,0.1,0.2,5,Providers search,528,10.56,39.60000000000002,39.60000000000002,1.0,0.0,1.0,1.7139999981736764,Customers search,False,,402.0,126.0,76.0,,,
airbnb,Airbnb / short-term rentals,airbnb_dj_0.20,"d_I=0.10, d_J=0.20",False,d_J (with d_I fixed at 0.10),0.2,50,0.1,0.1,0.2,5,Both sides search,583,11.66,39.60000000000002,39.60000000000002,1.0,0.0,1.0,0.3544999999576248,Customers search,False,0.4,0.0,94.0,44.0,489.0,,
airbnb,Airbnb / short-term rentals,airbnb_dj_0.20,"d_I=0.10, d_J=0.20",False,d_J (with d_I fixed at 0.10),0.2,50,0.1,0.1,0.2,5,Centralized matching,2500,50.0,24.0,39.60000000000002,0.6060606060606057,0.39393939393939426,0.48,0.7582999969599769,Customers search,False,,,,,,50.0,49.0
airbnb,Airbnb / short-term rentals,airbnb_dj_0.40,"d_I=0.10, d_J=0.40",False,d_J (with d_I fixed at 0.10),0.4,50,0.1,0.1,0.4,5,Customers search,219,4.38,46.40000000000001,46.400000000000006,1.0000000000000002,-2.220446049250313e-16,1.0,0.7101000010152347,Customers search,False,,95.0,124.0,74.0,,,
airbnb,Airbnb / short-term rentals,airbnb_dj_0.40,"d_I=0.10, d_J=0.40",False,d_J (with d_I fixed at 0.10),0.4,50,0.1,0.1,0.4,5,Providers search,563,11.26,46.400000000000006,46.400000000000006,1.0,0.0,1.0,1.7759999973350205,Customers search,False,,476.0,87.0,37.0,,,
airbnb,Airbnb / short-term rentals,airbnb_dj_0.40,"d_I=0.10, d_J=0.40",False,d_J (with d_I fixed at 0.10),0.4,50,0.1,0.1,0.4,5,Both sides search,219,4.38,46.40000000000001,46.400000000000006,1.0000000000000002,-2.220446049250313e-16,1.0,0.7436999949277379,Customers search,False,0.0,95.0,124.0,74.0,0.0,,
airbnb,Airbnb / short-term rentals,airbnb_dj_0.40,"d_I=0.10, d_J=0.40",False,d_J (with d_I fixed at 0.10),0.4,50,0.1,0.1,0.4,5,Centralized matching,2500,50.0,41.0,46.400000000000006,0.8836206896551723,0.11637931034482774,0.82,0.7514999961131252,Customers search,False,,,,,,50.0,106.0
airbnb,Airbnb / short-term rentals,airbnb_dj_0.60,"d_I=0.10, d_J=0.60",False,d_J (with d_I fixed at 0.10),0.6,50,0.1,0.1,0.6,5,Customers search,159,3.18,49.6,49.6,1.0,0.0,1.0,0.5393000028561801,Customers search,False,,44.0,115.0,65.0,,,
airbnb,Airbnb / short-term rentals,airbnb_dj_0.60,"d_I=0.10, d_J=0.60",False,d_J (with d_I fixed at 0.10),0.6,50,0.1,0.1,0.6,5,Providers search,791,15.82,49.6,49.6,1.0,0.0,1.0,2.5057999955606647,Customers search,False,,679.0,112.0,62.0,,,
airbnb,Airbnb / short-term rentals,airbnb_dj_0.60,"d_I=0.10, d_J=0.60",False,d_J (with d_I fixed at 0.10),0.6,50,0.1,0.1,0.6,5,Both sides search,159,3.18,49.6,49.6,1.0,0.0,1.0,0.5394999971031211,Customers search,False,0.0,44.0,115.0,65.0,0.0,,
airbnb,Airbnb / short-term rentals,airbnb_dj_0.60,"d_I=0.10, d_J=0.60",False,d_J (with d_I fixed at 0.10),0.6,50,0.1,0.1,0.6,5,Centralized matching,2500,50.0,49.0,49.6,0.9879032258064516,0.012096774193548376,0.98,0.7776000056765042,Customers search,False,,,,,,50.0,160.0
airbnb,Airbnb / short-term rentals,airbnb_dj_0.80,"d_I=0.10, d_J=0.80",True,d_J (with d_I fixed at 0.10),0.8,50,0.1,0.1,0.8,5,Customers search,127,2.54,49.6,49.6,1.0,0.0,1.0,0.43400000140536577,Customers search,False,,22.0,105.0,55.0,,,
airbnb,Airbnb / short-term rentals,airbnb_dj_0.80,"d_I=0.10, d_J=0.80",True,d_J (with d_I fixed at 0.10),0.8,50,0.1,0.1,0.8,5,Providers search,1122,22.44,49.6,49.6,1.0,0.0,1.0,3.5547000006772578,Customers search,False,,997.0,125.0,75.0,,,
airbnb,Airbnb / short-term rentals,airbnb_dj_0.80,"d_I=0.10, d_J=0.80",True,d_J (with d_I fixed at 0.10),0.8,50,0.1,0.1,0.8,5,Both sides search,127,2.54,49.6,49.6,1.0,0.0,1.0,0.4528999998001382,Customers search,False,0.0,22.0,105.0,55.0,0.0,,
airbnb,Airbnb / short-term rentals,airbnb_dj_0.80,"d_I=0.10, d_J=0.80",True,d_J (with d_I fixed at 0.10),0.8,50,0.1,0.1,0.8,5,Centralized matching,2500,50.0,49.0,49.6,0.9879032258064516,0.012096774193548376,0.98,0.7654999935766682,Customers search,False,,,,,,50.0,199.0
airbnb,Airbnb / short-term rentals,airbnb_dj_1.00,"d_I=0.10, d_J=1.00",False,d_J (with d_I fixed at 0.10),1.0,50,0.1,0.1,1.0,5,Customers search,84,1.68,50.0,50.0,1.0,0.0,1.0,0.3035000045201741,Customers search,False,,0.0,84.0,34.0,,,
airbnb,Airbnb / short-term rentals,airbnb_dj_1.00,"d_I=0.10, d_J=1.00",False,d_J (with d_I fixed at 0.10),1.0,50,0.1,0.1,1.0,5,Providers search,644,12.88,50.0,50.0,1.0,0.0,1.0,2.039099999819882,Customers search,False,,581.0,63.0,13.0,,,
airbnb,Airbnb / short-term rentals,airbnb_dj_1.00,"d_I=0.10, d_J=1.00",False,d_J (with d_I fixed at 0.10),1.0,50,0.1,0.1,1.0,5,Both sides search,84,1.68,50.0,50.0,1.0,0.0,1.0,0.3069000013056211,Customers search,False,0.0,0.0,84.0,34.0,0.0,,
airbnb,Airbnb / short-term rentals,airbnb_dj_1.00,"d_I=0.10, d_J=1.00",False,d_J (with d_I fixed at 0.10),1.0,50,0.1,0.1,1.0,5,Centralized matching,2500,50.0,50.0,50.0,1.0,0.0,1.0,0.7735999970464036,Customers search,False,,,,,,50.0,246.0
airbnb,Airbnb / short-term rentals,airbnb_dj_0.20,"d_I=0.10, d_J=0.20",False,d_J (with d_I fixed at 0.10),0.2,50,0.1,0.1,0.2,6,Customers search,243,4.86,40.00000000000002,40.00000000000002,1.0,0.0,1.0,0.7687999968766235,Customers search,False,,162.0,81.0,31.0,,,
airbnb,Airbnb / short-term rentals,airbnb_dj_0.20,"d_I=0.10, d_J=0.20",False,d_J (with d_I fixed at 0.10),0.2,50,0.1,0.1,0.2,6,Providers search,443,8.86,40.00000000000002,40.00000000000002,1.0,0.0,1.0,1.3832999975420535,Customers search,False,,357.0,86.0,36.0,,,
airbnb,Airbnb / short-term rentals,airbnb_dj_0.20,"d_I=0.10, d_J=0.20",False,d_J (with d_I fixed at 0.10),0.2,50,0.1,0.1,0.2,6,Both sides search,571,11.42,40.00000000000002,40.00000000000002,1.0,0.0,1.0,0.3479000006336719,Customers search,False,0.4,0.0,89.0,39.0,482.0,,
airbnb,Airbnb / short-term rentals,airbnb_dj_0.20,"d_I=0.10, d_J=0.20",False,d_J (with d_I fixed at 0.10),0.2,50,0.1,0.1,0.2,6,Centralized matching,2500,50.0,25.0,40.00000000000002,0.6249999999999997,0.37500000000000033,0.5,0.7587000000057742,Customers search,False,,,,,,50.0,38.0
airbnb,Airbnb / short-term rentals,airbnb_dj_0.40,"d_I=0.10, d_J=0.40",False,d_J (with d_I fixed at 0.10),0.4,50,0.1,0.1,0.4,6,Customers search,190,3.8,44.80000000000001,44.80000000000001,1.0,0.0,1.0,0.6074999982956797,Customers search,False,,103.0,87.0,37.0,,,
airbnb,Airbnb / short-term rentals,airbnb_dj_0.40,"d_I=0.10, d_J=0.40",False,d_J (with d_I fixed at 0.10),0.4,50,0.1,0.1,0.4,6,Providers search,674,13.48,44.80000000000001,44.80000000000001,1.0,0.0,1.0,2.1285000038915314,Customers search,False,,585.0,89.0,39.0,,,
airbnb,Airbnb / short-term rentals,airbnb_dj_0.40,"d_I=0.10, d_J=0.40",False,d_J (with d_I fixed at 0.10),0.4,50,0.1,0.1,0.4,6,Both sides search,190,3.8,44.80000000000001,44.80000000000001,1.0,0.0,1.0,0.6187999970279634,Customers search,False,0.0,103.0,87.0,37.0,0.0,,
airbnb,Airbnb / short-term rentals,airbnb_dj_0.40,"d_I=0.10, d_J=0.40",False,d_J (with d_I fixed at 0.10),0.4,50,0.1,0.1,0.4,6,Centralized matching,2500,50.0,37.0,44.80000000000001,0.825892857142857,0.17410714285714302,0.74,0.7526999979745597,Customers search,False,,,,,,50.0,72.0
airbnb,Airbnb / short-term rentals,airbnb_dj_0.60,"d_I=0.10, d_J=0.60",False,d_J (with d_I fixed at 0.10),0.6,50,0.1,0.1,0.6,6,Customers search,202,4.04,47.20000000000001,47.20000000000001,1.0,0.0,1.0,0.6645000030403025,Customers search,False,,76.0,126.0,76.0,,,
airbnb,Airbnb / short-term rentals,airbnb_dj_0.60,"d_I=0.10, d_J=0.60",False,d_J (with d_I fixed at 0.10),0.6,50,0.1,0.1,0.6,6,Providers search,929,18.58,47.20000000000001,47.20000000000001,1.0,0.0,1.0,2.9102000044076703,Customers search,False,,831.0,98.0,48.0,,,
airbnb,Airbnb / short-term rentals,airbnb_dj_0.60,"d_I=0.10, d_J=0.60",False,d_J (with d_I fixed at 0.10),0.6,50,0.1,0.1,0.6,6,Both sides search,202,4.04,47.20000000000001,47.20000000000001,1.0,0.0,1.0,0.6781999982194975,Customers search,False,0.0,76.0,126.0,76.0,0.0,,
airbnb,Airbnb / short-term rentals,airbnb_dj_0.60,"d_I=0.10, d_J=0.60",False,d_J (with d_I fixed at 0.10),0.6,50,0.1,0.1,0.6,6,Centralized matching,2500,50.0,43.0,47.20000000000001,0.9110169491525422,0.08898305084745783,0.86,0.7621000040671788,Customers search,False,,,,,,50.0,115.0
airbnb,Airbnb / short-term rentals,airbnb_dj_0.80,"d_I=0.10, d_J=0.80",True,d_J (with d_I fixed at 0.10),0.8,50,0.1,0.1,0.8,6,Customers search,101,2.02,48.800000000000004,48.800000000000004,1.0,0.0,1.0,0.34410000080242753,Customers search,False,,22.0,79.0,29.0,,,
airbnb,Airbnb / short-term rentals,airbnb_dj_0.80,"d_I=0.10, d_J=0.80",True,d_J (with d_I fixed at 0.10),0.8,50,0.1,0.1,0.8,6,Providers search,1237,24.74,48.800000000000004,48.800000000000004,1.0,0.0,1.0,3.9837000003899448,Customers search,False,,1105.0,132.0,82.0,,,
airbnb,Airbnb / short-term rentals,airbnb_dj_0.80,"d_I=0.10, d_J=0.80",True,d_J (with d_I fixed at 0.10),0.8,50,0.1,0.1,0.8,6,Both sides search,101,2.02,48.800000000000004,48.800000000000004,1.0,0.0,1.0,0.35460000071907416,Customers search,False,0.0,22.0,79.0,29.0,0.0,,
airbnb,Airbnb / short-term rentals,airbnb_dj_0.80,"d_I=0.10, d_J=0.80",True,d_J (with d_I fixed at 0.10),0.8,50,0.1,0.1,0.8,6,Centralized matching,2500,50.0,47.0,48.800000000000004,0.9631147540983606,0.03688524590163944,0.94,0.7827000008546747,Customers search,False,,,,,,50.0,165.0
airbnb,Airbnb / short-term rentals,airbnb_dj_1.00,"d_I=0.10, d_J=1.00",False,d_J (with d_I fixed at 0.10),1.0,50,0.1,0.1,1.0,6,Customers search,79,1.58,49.2,49.2,1.0,0.0,1.0,0.2817999993567355,Customers search,False,,0.0,79.0,29.0,,,
airbnb,Airbnb / short-term rentals,airbnb_dj_1.00,"d_I=0.10, d_J=1.00",False,d_J (with d_I fixed at 0.10),1.0,50,0.1,0.1,1.0,6,Providers search,1505,30.1,49.2,49.2,1.0,0.0,1.0,4.787999998370651,Customers search,False,,1357.0,148.0,98.0,,,
airbnb,Airbnb / short-term rentals,airbnb_dj_1.00,"d_I=0.10, d_J=1.00",False,d_J (with d_I fixed at 0.10),1.0,50,0.1,0.1,1.0,6,Both sides search,79,1.58,49.2,49.2,1.0,0.0,1.0,0.29240000003483146,Customers search,False,0.0,0.0,79.0,29.0,0.0,,
airbnb,Airbnb / short-term rentals,airbnb_dj_1.00,"d_I=0.10, d_J=1.00",False,d_J (with d_I fixed at 0.10),1.0,50,0.1,0.1,1.0,6,Centralized matching,2500,50.0,48.0,49.2,0.975609756097561,0.024390243902439046,0.96,0.7658000031369738,Customers search,False,,,,,,50.0,215.0
airbnb,Airbnb / short-term rentals,airbnb_dj_0.20,"d_I=0.10, d_J=0.20",False,d_J (with d_I fixed at 0.10),0.2,50,0.1,0.1,0.2,7,Customers search,244,4.88,42.40000000000002,42.40000000000002,1.0,0.0,1.0,0.7702000002609566,Customers search,False,,164.0,80.0,30.0,,,
airbnb,Airbnb / short-term rentals,airbnb_dj_0.20,"d_I=0.10, d_J=0.20",False,d_J (with d_I fixed at 0.10),0.2,50,0.1,0.1,0.2,7,Providers search,419,8.38,42.40000000000002,42.40000000000002,1.0,0.0,1.0,1.3648000021930784,Customers search,False,,318.0,101.0,51.0,,,
airbnb,Airbnb / short-term rentals,airbnb_dj_0.20,"d_I=0.10, d_J=0.20",False,d_J (with d_I fixed at 0.10),0.2,50,0.1,0.1,0.2,7,Both sides search,583,11.66,42.40000000000002,42.40000000000002,1.0,0.0,1.0,0.42350000148871914,Customers search,False,0.4,0.0,109.0,59.0,474.0,,
airbnb,Airbnb / short-term rentals,airbnb_dj_0.20,"d_I=0.10, d_J=0.20",False,d_J (with d_I fixed at 0.10),0.2,50,0.1,0.1,0.2,7,Centralized matching,2500,50.0,31.0,42.40000000000002,0.7311320754716978,0.2688679245283022,0.62,0.7698999979766086,Customers search,False,,,,,,50.0,54.0
airbnb,Airbnb / short-term rentals,airbnb_dj_0.40,"d_I=0.10, d_J=0.40",False,d_J (with d_I fixed at 0.10),0.4,50,0.1,0.1,0.4,7,Customers search,242,4.84,46.800000000000004,46.80000000000001,0.9999999999999999,1.1102230246251565e-16,1.0,0.7772000026307069,Customers search,False,,119.0,123.0,73.0,,,
airbnb,Airbnb / short-term rentals,airbnb_dj_0.40,"d_I=0.10, d_J=0.40",False,d_J (with d_I fixed at 0.10),0.4,50,0.1,0.1,0.4,7,Providers search,595,11.9,46.80000000000001,46.80000000000001,1.0,0.0,1.0,1.8984999987878837,Customers search,False,,492.0,103.0,53.0,,,
airbnb,Airbnb / short-term rentals,airbnb_dj_0.40,"d_I=0.10, d_J=0.40",False,d_J (with d_I fixed at 0.10),0.4,50,0.1,0.1,0.4,7,Both sides search,242,4.84,46.800000000000004,46.80000000000001,0.9999999999999999,1.1102230246251565e-16,1.0,0.7924000019556843,Customers search,False,0.0,119.0,123.0,73.0,0.0,,
airbnb,Airbnb / short-term rentals,airbnb_dj_0.40,"d_I=0.10, d_J=0.40",False,d_J (with d_I fixed at 0.10),0.4,50,0.1,0.1,0.4,7,Centralized matching,2500,50.0,42.0,46.80000000000001,0.8974358974358972,0.10256410256410275,0.84,0.7635000001755543,Customers search,False,,,,,,50.0,107.0
airbnb,Airbnb / short-term rentals,airbnb_dj_0.60,"d_I=0.10, d_J=0.60",False,d_J (with d_I fixed at 0.10),0.6,50,0.1,0.1,0.6,7,Customers search,242,4.84,48.400000000000006,48.800000000000004,0.9918032786885246,0.008196721311475419,1.0,0.7993000035639852,Customers search,False,,88.0,154.0,104.0,,,
airbnb,Airbnb / short-term rentals,airbnb_dj_0.60,"d_I=0.10, d_J=0.60",False,d_J (with d_I fixed at 0.10),0.6,50,0.1,0.1,0.6,7,Providers search,858,17.16,48.800000000000004,48.800000000000004,1.0,0.0,1.0,2.7259999988018535,Customers search,False,,753.0,105.0,55.0,,,
airbnb,Airbnb / short-term rentals,airbnb_dj_0.60,"d_I=0.10, d_J=0.60",False,d_J (with d_I fixed at 0.10),0.6,50,0.1,0.1,0.6,7,Both sides search,242,4.84,48.400000000000006,48.800000000000004,0.9918032786885246,0.008196721311475419,1.0,0.8101999992504716,Customers search,False,0.0,88.0,154.0,104.0,0.0,,
airbnb,Airbnb / short-term rentals,airbnb_dj_0.60,"d_I=0.10, d_J=0.60",False,d_J (with d_I fixed at 0.10),0.6,50,0.1,0.1,0.6,7,Centralized matching,2500,50.0,47.0,48.800000000000004,0.9631147540983606,0.03688524590163944,0.94,0.7726000039838254,Customers search,False,,,,,,50.0,166.0
airbnb,Airbnb / short-term rentals,airbnb_dj_0.80,"d_I=0.10, d_J=0.80",True,d_J (with d_I fixed at 0.10),0.8,50,0.1,0.1,0.8,7,Customers search,79,1.58,49.6,49.6,1.0,0.0,1.0,0.27520000003278255,Customers search,False,,13.0,66.0,16.0,,,
airbnb,Airbnb / short-term rentals,airbnb_dj_0.80,"d_I=0.10, d_J=0.80",True,d_J (with d_I fixed at 0.10),0.8,50,0.1,0.1,0.8,7,Providers search,1040,20.8,49.6,49.6,1.0,0.0,1.0,3.3327999990433455,Customers search,False,,898.0,142.0,92.0,,,
airbnb,Airbnb / short-term rentals,airbnb_dj_0.80,"d_I=0.10, d_J=0.80",True,d_J (with d_I fixed at 0.10),0.8,50,0.1,0.1,0.8,7,Both sides search,79,1.58,49.6,49.6,1.0,0.0,1.0,0.2812000020639971,Customers search,False,0.0,13.0,66.0,16.0,0.0,,
airbnb,Airbnb / short-term rentals,airbnb_dj_0.80,"d_I=0.10, d_J=0.80",True,d_J (with d_I fixed at 0.10),0.8,50,0.1,0.1,0.8,7,Centralized matching,2500,50.0,49.0,49.6,0.9879032258064516,0.012096774193548376,0.98,0.7725999967078678,Customers search,False,,,,,,50.0,216.0
airbnb,Airbnb / short-term rentals,airbnb_dj_1.00,"d_I=0.10, d_J=1.00",False,d_J (with d_I fixed at 0.10),1.0,50,0.1,0.1,1.0,7,Customers search,83,1.66,49.6,49.6,1.0,0.0,1.0,0.29290000384207815,Customers search,False,,0.0,83.0,33.0,,,
airbnb,Airbnb / short-term rentals,airbnb_dj_1.00,"d_I=0.10, d_J=1.00",False,d_J (with d_I fixed at 0.10),1.0,50,0.1,0.1,1.0,7,Providers search,1255,25.1,49.6,49.6,1.0,0.0,1.0,4.060300001583528,Customers search,False,,1080.0,175.0,125.0,,,
airbnb,Airbnb / short-term rentals,airbnb_dj_1.00,"d_I=0.10, d_J=1.00",False,d_J (with d_I fixed at 0.10),1.0,50,0.1,0.1,1.0,7,Both sides search,83,1.66,49.6,49.6,1.0,0.0,1.0,0.3052000029128976,Customers search,False,0.0,0.0,83.0,33.0,0.0,,
airbnb,Airbnb / short-term rentals,airbnb_dj_1.00,"d_I=0.10, d_J=1.00",False,d_J (with d_I fixed at 0.10),1.0,50,0.1,0.1,1.0,7,Centralized matching,2500,50.0,49.0,49.6,0.9879032258064516,0.012096774193548376,0.98,0.7702000002609566,Customers search,False,,,,,,50.0,278.0
airbnb,Airbnb / short-term rentals,airbnb_dj_0.20,"d_I=0.10, d_J=0.20",False,d_J (with d_I fixed at 0.10),0.2,50,0.1,0.1,0.2,8,Customers search,290,5.8,39.600000000000016,39.60000000000002,0.9999999999999998,2.220446049250313e-16,1.0,0.9151999984169379,Customers search,False,,190.0,100.0,50.0,,,
airbnb,Airbnb / short-term rentals,airbnb_dj_0.20,"d_I=0.10, d_J=0.20",False,d_J (with d_I fixed at 0.10),0.2,50,0.1,0.1,0.2,8,Providers search,431,8.62,39.60000000000002,39.60000000000002,1.0,0.0,1.0,1.399700006004423,Customers search,False,,333.0,98.0,48.0,,,
airbnb,Airbnb / short-term rentals,airbnb_dj_0.20,"d_I=0.10, d_J=0.20",False,d_J (with d_I fixed at 0.10),0.2,50,0.1,0.1,0.2,8,Both sides search,543,10.86,39.60000000000002,39.60000000000002,1.0,0.0,1.0,0.34130000130971894,Customers search,False,0.4,0.0,88.0,38.0,455.0,,
airbnb,Airbnb / short-term rentals,airbnb_dj_0.20,"d_I=0.10, d_J=0.20",False,d_J (with d_I fixed at 0.10),0.2,50,0.1,0.1,0.2,8,Centralized matching,2500,50.0,24.0,39.60000000000002,0.6060606060606057,0.39393939393939426,0.48,0.7598000011057593,Customers search,False,,,,,,50.0,46.0
airbnb,Airbnb / short-term rentals,airbnb_dj_0.40,"d_I=0.10, d_J=0.40",False,d_J (with d_I fixed at 0.10),0.4,50,0.1,0.1,0.4,8,Customers search,273,5.46,46.00000000000001,46.00000000000001,1.0,0.0,1.0,0.9241999941878021,Customers search,False,,135.0,138.0,88.0,,,
airbnb,Airbnb / short-term rentals,airbnb_dj_0.40,"d_I=0.10, d_J=0.40",False,d_J (with d_I fixed at 0.10),0.4,50,0.1,0.1,0.4,8,Providers search,803,16.06,46.00000000000001,46.00000000000001,1.0,0.0,1.0,2.6006999978562817,Customers search,False,,654.0,149.0,99.0,,,
airbnb,Airbnb / short-term rentals,airbnb_dj_0.40,"d_I=0.10, d_J=0.40",False,d_J (with d_I fixed at 0.10),0.4,50,0.1,0.1,0.4,8,Both sides search,273,5.46,46.00000000000001,46.00000000000001,1.0,0.0,1.0,0.8868000004440546,Customers search,False,0.0,135.0,138.0,88.0,0.0,,
airbnb,Airbnb / short-term rentals,airbnb_dj_0.40,"d_I=0.10, d_J=0.40",False,d_J (with d_I fixed at 0.10),0.4,50,0.1,0.1,0.4,8,Centralized matching,2500,50.0,40.0,46.00000000000001,0.8695652173913042,0.1304347826086958,0.8,0.7734999962849542,Customers search,False,,,,,,50.0,91.0
airbnb,Airbnb / short-term rentals,airbnb_dj_0.60,"d_I=0.10, d_J=0.60",False,d_J (with d_I fixed at 0.10),0.6,50,0.1,0.1,0.6,8,Customers search,146,2.92,48.800000000000004,48.800000000000004,1.0,0.0,1.0,0.48230000538751483,Customers search,False,,52.0,94.0,44.0,,,
airbnb,Airbnb / short-term rentals,airbnb_dj_0.60,"d_I=0.10, d_J=0.60",False,d_J (with d_I fixed at 0.10),0.6,50,0.1,0.1,0.6,8,Providers search,840,16.8,48.800000000000004,48.800000000000004,1.0,0.0,1.0,2.6901999954134226,Customers search,False,,732.0,108.0,58.0,,,
airbnb,Airbnb / short-term rentals,airbnb_dj_0.60,"d_I=0.10, d_J=0.60",False,d_J (with d_I fixed at 0.10),0.6,50,0.1,0.1,0.6,8,Both sides search,146,2.92,48.800000000000004,48.800000000000004,1.0,0.0,1.0,0.5002000034437515,Customers search,False,0.0,52.0,94.0,44.0,0.0,,
airbnb,Airbnb / short-term rentals,airbnb_dj_0.60,"d_I=0.10, d_J=0.60",False,d_J (with d_I fixed at 0.10),0.6,50,0.1,0.1,0.6,8,Centralized matching,2500,50.0,47.0,48.800000000000004,0.9631147540983606,0.03688524590163944,0.94,0.7766999988234602,Customers search,False,,,,,,50.0,146.0
airbnb,Airbnb / short-term rentals,airbnb_dj_0.80,"d_I=0.10, d_J=0.80",True,d_J (with d_I fixed at 0.10),0.8,50,0.1,0.1,0.8,8,Customers search,201,4.02,49.2,49.2,1.0,0.0,1.0,0.6868999989819713,Customers search,False,,23.0,178.0,128.0,,,
airbnb,Airbnb / short-term rentals,airbnb_dj_0.80,"d_I=0.10, d_J=0.80",True,d_J (with d_I fixed at 0.10),0.8,50,0.1,0.1,0.8,8,Providers search,670,13.4,49.2,49.2,1.0,0.0,1.0,2.1063000021968037,Customers search,False,,588.0,82.0,32.0,,,
airbnb,Airbnb / short-term rentals,airbnb_dj_0.80,"d_I=0.10, d_J=0.80",True,d_J (with d_I fixed at 0.10),0.8,50,0.1,0.1,0.8,8,Both sides search,201,4.02,49.2,49.2,1.0,0.0,1.0,0.6992999988142401,Customers search,False,0.0,23.0,178.0,128.0,0.0,,
airbnb,Airbnb / short-term rentals,airbnb_dj_0.80,"d_I=0.10, d_J=0.80",True,d_J (with d_I fixed at 0.10),0.8,50,0.1,0.1,0.8,8,Centralized matching,2500,50.0,48.0,49.2,0.975609756097561,0.024390243902439046,0.96,0.7839000027161092,Customers search,False,,,,,,50.0,204.0
airbnb,Airbnb / short-term rentals,airbnb_dj_1.00,"d_I=0.10, d_J=1.00",False,d_J (with d_I fixed at 0.10),1.0,50,0.1,0.1,1.0,8,Customers search,58,1.16,49.6,49.6,1.0,0.0,1.0,0.21130000095581636,Customers search,False,,0.0,58.0,8.0,,,
airbnb,Airbnb / short-term rentals,airbnb_dj_1.00,"d_I=0.10, d_J=1.00",False,d_J (with d_I fixed at 0.10),1.0,50,0.1,0.1,1.0,8,Providers search,607,12.14,49.6,49.6,1.0,0.0,1.0,1.968299999134615,Customers search,False,,542.0,65.0,15.0,,,
airbnb,Airbnb / short-term rentals,airbnb_dj_1.00,"d_I=0.10, d_J=1.00",False,d_J (with d_I fixed at 0.10),1.0,50,0.1,0.1,1.0,8,Both sides search,58,1.16,49.6,49.6,1.0,0.0,1.0,0.21909999486524612,Customers search,False,0.0,0.0,58.0,8.0,0.0,,
airbnb,Airbnb / short-term rentals,airbnb_dj_1.00,"d_I=0.10, d_J=1.00",False,d_J (with d_I fixed at 0.10),1.0,50,0.1,0.1,1.0,8,Centralized matching,2500,50.0,49.0,49.6,0.9879032258064516,0.012096774193548376,0.98,0.7718999986536801,Customers search,False,,,,,,50.0,251.0
airbnb,Airbnb / short-term rentals,airbnb_dj_0.20,"d_I=0.10, d_J=0.20",False,d_J (with d_I fixed at 0.10),0.2,50,0.1,0.1,0.2,9,Customers search,285,5.7,40.80000000000002,40.80000000000002,1.0,0.0,1.0,0.8948000031523407,Customers search,False,,189.0,96.0,46.0,,,
airbnb,Airbnb / short-term rentals,airbnb_dj_0.20,"d_I=0.10, d_J=0.20",False,d_J (with d_I fixed at 0.10),0.2,50,0.1,0.1,0.2,9,Providers search,495,9.9,40.80000000000002,40.80000000000002,1.0,0.0,1.0,1.6044000003603287,Customers search,False,,389.0,106.0,56.0,,,
airbnb,Airbnb / short-term rentals,airbnb_dj_0.20,"d_I=0.10, d_J=0.20",False,d_J (with d_I fixed at 0.10),0.2,50,0.1,0.1,0.2,9,Both sides search,577,11.54,40.80000000000002,40.80000000000002,1.0,0.0,1.0,0.33909999910974875,Customers search,False,0.4,0.0,88.0,38.0,489.0,,
airbnb,Airbnb / short-term rentals,airbnb_dj_0.20,"d_I=0.10, d_J=0.20",False,d_J (with d_I fixed at 0.10),0.2,50,0.1,0.1,0.2,9,Centralized matching,2500,50.0,27.0,40.80000000000002,0.6617647058823526,0.3382352941176474,0.54,0.7562999962829053,Customers search,False,,,,,,50.0,36.0
airbnb,Airbnb / short-term rentals,airbnb_dj_0.40,"d_I=0.10, d_J=0.40",False,d_J (with d_I fixed at 0.10),0.4,50,0.1,0.1,0.4,9,Customers search,204,4.08,45.60000000000001,45.60000000000001,1.0,0.0,1.0,0.6681999948341399,Customers search,False,,100.0,104.0,54.0,,,
airbnb,Airbnb / short-term rentals,airbnb_dj_0.40,"d_I=0.10, d_J=0.40",False,d_J (with d_I fixed at 0.10),0.4,50,0.1,0.1,0.4,9,Providers search,699,13.98,45.60000000000001,45.60000000000001,1.0,0.0,1.0,2.2415999992517754,Customers search,False,,593.0,106.0,56.0,,,
airbnb,Airbnb / short-term rentals,airbnb_dj_0.40,"d_I=0.10, d_J=0.40",False,d_J (with d_I fixed at 0.10),0.4,50,0.1,0.1,0.4,9,Both sides search,204,4.08,45.60000000000001,45.60000000000001,1.0,0.0,1.0,0.6715000054100528,Customers search,False,0.0,100.0,104.0,54.0,0.0,,
airbnb,Airbnb / short-term rentals,airbnb_dj_0.40,"d_I=0.10, d_J=0.40",False,d_J (with d_I fixed at 0.10),0.4,50,0.1,0.1,0.4,9,Centralized matching,2500,50.0,39.0,45.60000000000001,0.8552631578947367,0.14473684210526327,0.78,0.7668000034755096,Customers search,False,,,,,,50.0,95.0
airbnb,Airbnb / short-term rentals,airbnb_dj_0.60,"d_I=0.10, d_J=0.60",False,d_J (with d_I fixed at 0.10),0.6,50,0.1,0.1,0.6,9,Customers search,192,3.84,48.400000000000006,48.800000000000004,0.9918032786885246,0.008196721311475419,1.0,0.6388000037986785,Customers search,False,,55.0,137.0,87.0,,,
airbnb,Airbnb / short-term rentals,airbnb_dj_0.60,"d_I=0.10, d_J=0.60",False,d_J (with d_I fixed at 0.10),0.6,50,0.1,0.1,0.6,9,Providers search,959,19.18,48.800000000000004,48.800000000000004,1.0,0.0,1.0,3.3903000003192574,Customers search,False,,808.0,151.0,101.0,,,
airbnb,Airbnb / short-term rentals,airbnb_dj_0.60,"d_I=0.10, d_J=0.60",False,d_J (with d_I fixed at 0.10),0.6,50,0.1,0.1,0.6,9,Both sides search,192,3.84,48.400000000000006,48.800000000000004,0.9918032786885246,0.008196721311475419,1.0,0.6565999938175082,Customers search,False,0.0,55.0,137.0,87.0,0.0,,
airbnb,Airbnb / short-term rentals,airbnb_dj_0.60,"d_I=0.10, d_J=0.60",False,d_J (with d_I fixed at 0.10),0.6,50,0.1,0.1,0.6,9,Centralized matching,2500,50.0,48.0,48.800000000000004,0.983606557377049,0.01639344262295095,0.96,0.79340000229422,Customers search,False,,,,,,50.0,155.0
airbnb,Airbnb / short-term rentals,airbnb_dj_0.80,"d_I=0.10, d_J=0.80",True,d_J (with d_I fixed at 0.10),0.8,50,0.1,0.1,0.8,9,Customers search,129,2.58,49.6,49.6,1.0,0.0,1.0,0.45200000022305176,Customers search,False,,24.0,105.0,55.0,,,
airbnb,Airbnb / short-term rentals,airbnb_dj_0.80,"d_I=0.10, d_J=0.80",True,d_J (with d_I fixed at 0.10),0.8,50,0.1,0.1,0.8,9,Providers search,1156,23.12,49.6,49.6,1.0,0.0,1.0,3.792200004681945,Customers search,False,,1004.0,152.0,102.0,,,
airbnb,Airbnb / short-term rentals,airbnb_dj_0.80,"d_I=0.10, d_J=0.80",True,d_J (with d_I fixed at 0.10),0.8,50,0.1,0.1,0.8,9,Both sides search,129,2.58,49.6,49.6,1.0,0.0,1.0,0.44890000572195277,Customers search,False,0.0,24.0,105.0,55.0,0.0,,
airbnb,Airbnb / short-term rentals,airbnb_dj_0.80,"d_I=0.10, d_J=0.80",True,d_J (with d_I fixed at 0.10),0.8,50,0.1,0.1,0.8,9,Centralized matching,2500,50.0,49.0,49.6,0.9879032258064516,0.012096774193548376,0.98,0.7764000038150698,Customers search,False,,,,,,50.0,195.0
airbnb,Airbnb / short-term rentals,airbnb_dj_1.00,"d_I=0.10, d_J=1.00",False,d_J (with d_I fixed at 0.10),1.0,50,0.1,0.1,1.0,9,Customers search,68,1.36,50.0,50.0,1.0,0.0,1.0,0.24459999985992908,Customers search,False,,0.0,68.0,18.0,,,
airbnb,Airbnb / short-term rentals,airbnb_dj_1.00,"d_I=0.10, d_J=1.00",False,d_J (with d_I fixed at 0.10),1.0,50,0.1,0.1,1.0,9,Providers search,655,13.1,50.0,50.0,1.0,0.0,1.0,2.0788999972864985,Customers search,False,,588.0,67.0,17.0,,,
airbnb,Airbnb / short-term rentals,airbnb_dj_1.00,"d_I=0.10, d_J=1.00",False,d_J (with d_I fixed at 0.10),1.0,50,0.1,0.1,1.0,9,Both sides search,68,1.36,50.0,50.0,1.0,0.0,1.0,0.25939999613910913,Customers search,False,0.0,0.0,68.0,18.0,0.0,,
airbnb,Airbnb / short-term rentals,airbnb_dj_1.00,"d_I=0.10, d_J=1.00",False,d_J (with d_I fixed at 0.10),1.0,50,0.1,0.1,1.0,9,Centralized matching,2500,50.0,50.0,50.0,1.0,0.0,1.0,0.7726999974693172,Customers search,False,,,,,,50.0,244.0
airbnb,Airbnb / short-term rentals,airbnb_dj_0.20,"d_I=0.10, d_J=0.20",False,d_J (with d_I fixed at 0.10),0.2,100,0.1,0.1,0.2,0,Customers search,768,7.68,89.99999999999999,90.0,0.9999999999999999,1.1102230246251565e-16,1.0,2.4587999942013994,Customers search,False,,525.0,243.0,143.0,,,
airbnb,Airbnb / short-term rentals,airbnb_dj_0.20,"d_I=0.10, d_J=0.20",False,d_J (with d_I fixed at 0.10),0.2,100,0.1,0.1,0.2,0,Providers search,1467,14.67,89.99999999999999,90.0,0.9999999999999999,1.1102230246251565e-16,1.0,4.812999999558087,Customers search,False,,1237.0,230.0,130.0,,,
airbnb,Airbnb / short-term rentals,airbnb_dj_0.20,"d_I=0.10, d_J=0.20",False,d_J (with d_I fixed at 0.10),0.2,100,0.1,0.1,0.2,0,Both sides search,2214,22.14,89.99999999999997,90.0,0.9999999999999997,3.3306690738754696e-16,1.0,0.8205999984056689,Customers search,False,0.4,0.0,210.0,110.0,2004.0,,
airbnb,Airbnb / short-term rentals,airbnb_dj_0.20,"d_I=0.10, d_J=0.20",False,d_J (with d_I fixed at 0.10),0.2,100,0.1,0.1,0.2,0,Centralized matching,10000,100.0,75.0,90.0,0.8333333333333334,0.16666666666666663,0.75,1.655100000789389,Customers search,False,,,,,,100.0,190.0
airbnb,Airbnb / short-term rentals,airbnb_dj_0.40,"d_I=0.10, d_J=0.40",False,d_J (with d_I fixed at 0.10),0.4,100,0.1,0.1,0.4,0,Customers search,624,6.24,99.19999999999999,99.19999999999999,1.0,0.0,1.0,1.9977999982074834,Customers search,False,,313.0,311.0,211.0,,,
airbnb,Airbnb / short-term rentals,airbnb_dj_0.40,"d_I=0.10, d_J=0.40",False,d_J (with d_I fixed at 0.10),0.4,100,0.1,0.1,0.4,0,Providers search,2091,20.91,99.2,99.19999999999999,1.0000000000000002,-2.220446049250313e-16,1.0,7.018500000413042,Customers search,False,,1850.0,241.0,141.0,,,
airbnb,Airbnb / short-term rentals,airbnb_dj_0.40,"d_I=0.10, d_J=0.40",False,d_J (with d_I fixed at 0.10),0.4,100,0.1,0.1,0.4,0,Both sides search,624,6.24,99.19999999999999,99.19999999999999,1.0,0.0,1.0,2.0274999988032505,Customers search,False,0.0,313.0,311.0,211.0,0.0,,
airbnb,Airbnb / short-term rentals,airbnb_dj_0.40,"d_I=0.10, d_J=0.40",False,d_J (with d_I fixed at 0.10),0.4,100,0.1,0.1,0.4,0,Centralized matching,10000,100.0,98.0,99.19999999999999,0.9879032258064517,0.012096774193548265,0.98,1.7631999944569543,Customers search,False,,,,,,100.0,411.0
airbnb,Airbnb / short-term rentals,airbnb_dj_0.60,"d_I=0.10, d_J=0.60",False,d_J (with d_I fixed at 0.10),0.6,100,0.1,0.1,0.6,0,Customers search,210,2.1,100.0,100.0,1.0,0.0,1.0,0.6931999960215762,Customers search,False,,77.0,133.0,33.0,,,
airbnb,Airbnb / short-term rentals,airbnb_dj_0.60,"d_I=0.10, d_J=0.60",False,d_J (with d_I fixed at 0.10),0.6,100,0.1,0.1,0.6,0,Providers search,1773,17.73,100.0,100.0,1.0,0.0,1.0,5.692200000339653,Customers search,False,,1605.0,168.0,68.0,,,
airbnb,Airbnb / short-term rentals,airbnb_dj_0.60,"d_I=0.10, d_J=0.60",False,d_J (with d_I fixed at 0.10),0.6,100,0.1,0.1,0.6,0,Both sides search,210,2.1,100.0,100.0,1.0,0.0,1.0,0.7136999993235804,Customers search,False,0.0,77.0,133.0,33.0,0.0,,
airbnb,Airbnb / short-term rentals,airbnb_dj_0.60,"d_I=0.10, d_J=0.60",False,d_J (with d_I fixed at 0.10),0.6,100,0.1,0.1,0.6,0,Centralized matching,10000,100.0,100.0,100.0,1.0,0.0,1.0,1.671699996222742,Customers search,False,,,,,,100.0,594.0
airbnb,Airbnb / short-term rentals,airbnb_dj_0.80,"d_I=0.10, d_J=0.80",True,d_J (with d_I fixed at 0.10),0.8,100,0.1,0.1,0.8,0,Customers search,145,1.45,100.0,100.0,1.0,0.0,1.0,0.5027000006521121,Customers search,False,,15.0,130.0,30.0,,,
airbnb,Airbnb / short-term rentals,airbnb_dj_0.80,"d_I=0.10, d_J=0.80",True,d_J (with d_I fixed at 0.10),0.8,100,0.1,0.1,0.8,0,Providers search,1231,12.31,100.0,100.0,1.0,0.0,1.0,3.936900000553578,Customers search,False,,1111.0,120.0,20.0,,,
airbnb,Airbnb / short-term rentals,airbnb_dj_0.80,"d_I=0.10, d_J=0.80",True,d_J (with d_I fixed at 0.10),0.8,100,0.1,0.1,0.8,0,Both sides search,145,1.45,100.0,100.0,1.0,0.0,1.0,0.5147999982000329,Customers search,False,0.0,15.0,130.0,30.0,0.0,,
airbnb,Airbnb / short-term rentals,airbnb_dj_0.80,"d_I=0.10, d_J=0.80",True,d_J (with d_I fixed at 0.10),0.8,100,0.1,0.1,0.8,0,Centralized matching,10000,100.0,100.0,100.0,1.0,0.0,1.0,1.6704000008758157,Customers search,False,,,,,,100.0,785.0
airbnb,Airbnb / short-term rentals,airbnb_dj_1.00,"d_I=0.10, d_J=1.00",False,d_J (with d_I fixed at 0.10),1.0,100,0.1,0.1,1.0,0,Customers search,123,1.23,100.0,100.0,1.0,0.0,1.0,0.42949999624397606,Customers search,False,,0.0,123.0,23.0,,,
airbnb,Airbnb / short-term rentals,airbnb_dj_1.00,"d_I=0.10, d_J=1.00",False,d_J (with d_I fixed at 0.10),1.0,100,0.1,0.1,1.0,0,Providers search,1389,13.89,100.0,100.0,1.0,0.0,1.0,4.445099999429658,Customers search,False,,1262.0,127.0,27.0,,,
airbnb,Airbnb / short-term rentals,airbnb_dj_1.00,"d_I=0.10, d_J=1.00",False,d_J (with d_I fixed at 0.10),1.0,100,0.1,0.1,1.0,0,Both sides search,123,1.23,100.0,100.0,1.0,0.0,1.0,0.44440000056056306,Customers search,False,0.0,0.0,123.0,23.0,0.0,,
airbnb,Airbnb / short-term rentals,airbnb_dj_1.00,"d_I=0.10, d_J=1.00",False,d_J (with d_I fixed at 0.10),1.0,100,0.1,0.1,1.0,0,Centralized matching,10000,100.0,100.0,100.0,1.0,0.0,1.0,1.6691999990143813,Customers search,False,,,,,,100.0,968.0
airbnb,Airbnb / short-term rentals,airbnb_dj_0.20,"d_I=0.10, d_J=0.20",False,d_J (with d_I fixed at 0.10),0.2,100,0.1,0.1,0.2,1,Customers search,880,8.8,90.79999999999995,90.79999999999998,0.9999999999999997,3.3306690738754696e-16,1.0,2.7342000030330382,Customers search,False,,620.0,260.0,160.0,,,
airbnb,Airbnb / short-term rentals,airbnb_dj_0.20,"d_I=0.10, d_J=0.20",False,d_J (with d_I fixed at 0.10),0.2,100,0.1,0.1,0.2,1,Providers search,1592,15.92,90.39999999999995,90.79999999999998,0.9955947136563873,0.004405286343612702,1.0,5.171999997401144,Customers search,False,,1342.0,250.0,150.0,,,
airbnb,Airbnb / short-term rentals,airbnb_dj_0.20,"d_I=0.10, d_J=0.20",False,d_J (with d_I fixed at 0.10),0.2,100,0.1,0.1,0.2,1,Both sides search,2263,22.63,90.79999999999997,90.79999999999998,0.9999999999999999,1.1102230246251565e-16,1.0,0.9669999999459833,Customers search,False,0.4,0.0,255.0,155.0,2008.0,,
airbnb,Airbnb / short-term rentals,airbnb_dj_0.20,"d_I=0.10, d_J=0.20",False,d_J (with d_I fixed at 0.10),0.2,100,0.1,0.1,0.2,1,Centralized matching,10000,100.0,77.0,90.79999999999998,0.8480176211453746,0.1519823788546254,0.77,1.628799996979069,Customers search,False,,,,,,100.0,203.0
airbnb,Airbnb / short-term rentals,airbnb_dj_0.40,"d_I=0.10, d_J=0.40",False,d_J (with d_I fixed at 0.10),0.4,100,0.1,0.1,0.4,1,Customers search,695,6.95,98.39999999999999,98.39999999999998,1.0000000000000002,-2.220446049250313e-16,1.0,2.233799998066388,Customers search,False,,388.0,307.0,207.0,,,
airbnb,Airbnb / short-term rentals,airbnb_dj_0.40,"d_I=0.10, d_J=0.40",False,d_J (with d_I fixed at 0.10),0.4,100,0.1,0.1,0.4,1,Providers search,2180,21.8,98.4,98.39999999999998,1.0000000000000002,-2.220446049250313e-16,1.0,7.058399998641107,Customers search,False,,1935.0,245.0,145.0,,,
airbnb,Airbnb / short-term rentals,airbnb_dj_0.40,"d_I=0.10, d_J=0.40",False,d_J (with d_I fixed at 0.10),0.4,100,0.1,0.1,0.4,1,Both sides search,695,6.95,98.39999999999999,98.39999999999998,1.0000000000000002,-2.220446049250313e-16,1.0,2.2364000033121556,Customers search,False,0.0,388.0,307.0,207.0,0.0,,
airbnb,Airbnb / short-term rentals,airbnb_dj_0.40,"d_I=0.10, d_J=0.40",False,d_J (with d_I fixed at 0.10),0.4,100,0.1,0.1,0.4,1,Centralized matching,10000,100.0,97.0,98.39999999999998,0.9857723577235774,0.014227642276422592,0.97,1.723899993521627,Customers search,False,,,,,,100.0,404.0
airbnb,Airbnb / short-term rentals,airbnb_dj_0.60,"d_I=0.10, d_J=0.60",False,d_J (with d_I fixed at 0.10),0.6,100,0.1,0.1,0.6,1,Customers search,532,5.32,99.6,99.6,1.0,0.0,1.0,1.734299999952782,Customers search,False,,205.0,327.0,227.0,,,
airbnb,Airbnb / short-term rentals,airbnb_dj_0.60,"d_I=0.10, d_J=0.60",False,d_J (with d_I fixed at 0.10),0.6,100,0.1,0.1,0.6,1,Providers search,1354,13.54,99.6,99.6,1.0,0.0,1.0,4.392800001369324,Customers search,False,,1212.0,142.0,42.0,,,
airbnb,Airbnb / short-term rentals,airbnb_dj_0.60,"d_I=0.10, d_J=0.60",False,d_J (with d_I fixed at 0.10),0.6,100,0.1,0.1,0.6,1,Both sides search,532,5.32,99.6,99.6,1.0,0.0,1.0,1.7455999986850657,Customers search,False,0.0,205.0,327.0,227.0,0.0,,
airbnb,Airbnb / short-term rentals,airbnb_dj_0.60,"d_I=0.10, d_J=0.60",False,d_J (with d_I fixed at 0.10),0.6,100,0.1,0.1,0.6,1,Centralized matching,10000,100.0,99.0,99.6,0.9939759036144579,0.0060240963855421326,0.99,1.7189999998663552,Customers search,False,,,,,,100.0,605.0
airbnb,Airbnb / short-term rentals,airbnb_dj_0.80,"d_I=0.10, d_J=0.80",True,d_J (with d_I fixed at 0.10),0.8,100,0.1,0.1,0.8,1,Customers search,184,1.84,100.0,100.0,1.0,0.0,1.0,0.6273999970289879,Customers search,False,,39.0,145.0,45.0,,,
airbnb,Airbnb / short-term rentals,airbnb_dj_0.80,"d_I=0.10, d_J=0.80",True,d_J (with d_I fixed at 0.10),0.8,100,0.1,0.1,0.8,1,Providers search,1512,15.12,100.0,100.0,1.0,0.0,1.0,4.889000003458932,Customers search,False,,1366.0,146.0,46.0,,,
airbnb,Airbnb / short-term rentals,airbnb_dj_0.80,"d_I=0.10, d_J=0.80",True,d_J (with d_I fixed at 0.10),0.8,100,0.1,0.1,0.8,1,Both sides search,184,1.84,100.0,100.0,1.0,0.0,1.0,0.6439999997382984,Customers search,False,0.0,39.0,145.0,45.0,0.0,,
airbnb,Airbnb / short-term rentals,airbnb_dj_0.80,"d_I=0.10, d_J=0.80",True,d_J (with d_I fixed at 0.10),0.8,100,0.1,0.1,0.8,1,Centralized matching,10000,100.0,100.0,100.0,1.0,0.0,1.0,1.6770000001997687,Customers search,False,,,,,,100.0,806.0
airbnb,Airbnb / short-term rentals,airbnb_dj_1.00,"d_I=0.10, d_J=1.00",False,d_J (with d_I fixed at 0.10),1.0,100,0.1,0.1,1.0,1,Customers search,120,1.2,100.0,100.0,1.0,0.0,1.0,0.4195000001345761,Customers search,False,,0.0,120.0,20.0,,,
airbnb,Airbnb / short-term rentals,airbnb_dj_1.00,"d_I=0.10, d_J=1.00",False,d_J (with d_I fixed at 0.10),1.0,100,0.1,0.1,1.0,1,Providers search,1019,10.19,100.0,100.0,1.0,0.0,1.0,3.2976000002236106,Customers search,False,,899.0,120.0,20.0,,,
airbnb,Airbnb / short-term rentals,airbnb_dj_1.00,"d_I=0.10, d_J=1.00",False,d_J (with d_I fixed at 0.10),1.0,100,0.1,0.1,1.0,1,Both sides search,120,1.2,100.0,100.0,1.0,0.0,1.0,0.4374999989522621,Customers search,False,0.0,0.0,120.0,20.0,0.0,,
airbnb,Airbnb / short-term rentals,airbnb_dj_1.00,"d_I=0.10, d_J=1.00",False,d_J (with d_I fixed at 0.10),1.0,100,0.1,0.1,1.0,1,Centralized matching,10000,100.0,100.0,100.0,1.0,0.0,1.0,1.6630999962217174,Customers search,False,,,,,,100.0,1040.0
airbnb,Airbnb / short-term rentals,airbnb_dj_0.20,"d_I=0.10, d_J=0.20",False,d_J (with d_I fixed at 0.10),0.2,100,0.1,0.1,0.2,2,Customers search,867,8.67,90.39999999999995,90.39999999999998,0.9999999999999997,3.3306690738754696e-16,1.0,2.7711000002454966,Customers search,False,,588.0,279.0,179.0,,,
airbnb,Airbnb / short-term rentals,airbnb_dj_0.20,"d_I=0.10, d_J=0.20",False,d_J (with d_I fixed at 0.10),0.2,100,0.1,0.1,0.2,2,Providers search,1208,12.08,90.39999999999995,90.39999999999998,0.9999999999999997,3.3306690738754696e-16,1.0,3.900799994880799,Customers search,False,,1049.0,159.0,59.0,,,
airbnb,Airbnb / short-term rentals,airbnb_dj_0.20,"d_I=0.10, d_J=0.20",False,d_J (with d_I fixed at 0.10),0.2,100,0.1,0.1,0.2,2,Both sides search,2318,23.18,90.39999999999995,90.39999999999998,0.9999999999999997,3.3306690738754696e-16,1.0,1.036599998769816,Customers search,False,0.4,0.0,262.0,162.0,2056.0,,
airbnb,Airbnb / short-term rentals,airbnb_dj_0.20,"d_I=0.10, d_J=0.20",False,d_J (with d_I fixed at 0.10),0.2,100,0.1,0.1,0.2,2,Centralized matching,10000,100.0,76.0,90.39999999999998,0.8407079646017701,0.1592920353982299,0.76,1.650799997150898,Customers search,False,,,,,,100.0,188.0
airbnb,Airbnb / short-term rentals,airbnb_dj_0.40,"d_I=0.10, d_J=0.40",False,d_J (with d_I fixed at 0.10),0.4,100,0.1,0.1,0.4,2,Customers search,641,6.41,98.39999999999998,98.79999999999998,0.9959514170040485,0.004048582995951455,1.0,2.069800000754185,Customers search,False,,345.0,296.0,196.0,,,
airbnb,Airbnb / short-term rentals,airbnb_dj_0.40,"d_I=0.10, d_J=0.40",False,d_J (with d_I fixed at 0.10),0.4,100,0.1,0.1,0.4,2,Providers search,2311,23.11,98.39999999999998,98.79999999999998,0.9959514170040485,0.004048582995951455,1.0,7.575299998279661,Customers search,False,,2044.0,267.0,167.0,,,
airbnb,Airbnb / short-term rentals,airbnb_dj_0.40,"d_I=0.10, d_J=0.40",False,d_J (with d_I fixed at 0.10),0.4,100,0.1,0.1,0.4,2,Both sides search,641,6.41,98.39999999999998,98.79999999999998,0.9959514170040485,0.004048582995951455,1.0,2.095499999995809,Customers search,False,0.0,345.0,296.0,196.0,0.0,,
airbnb,Airbnb / short-term rentals,airbnb_dj_0.40,"d_I=0.10, d_J=0.40",False,d_J (with d_I fixed at 0.10),0.4,100,0.1,0.1,0.4,2,Centralized matching,10000,100.0,97.0,98.79999999999998,0.9817813765182188,0.01821862348178116,0.97,1.7769999976735562,Customers search,False,,,,,,100.0,378.0
airbnb,Airbnb / short-term rentals,airbnb_dj_0.60,"d_I=0.10, d_J=0.60",False,d_J (with d_I fixed at 0.10),0.6,100,0.1,0.1,0.6,2,Customers search,611,6.11,99.19999999999999,99.19999999999999,1.0,0.0,1.0,2.017300001170952,Customers search,False,,212.0,399.0,299.0,,,
airbnb,Airbnb / short-term rentals,airbnb_dj_0.60,"d_I=0.10, d_J=0.60",False,d_J (with d_I fixed at 0.10),0.6,100,0.1,0.1,0.6,2,Providers search,1837,18.37,99.19999999999999,99.19999999999999,1.0,0.0,1.0,5.93460000527557,Customers search,False,,1665.0,172.0,72.0,,,
airbnb,Airbnb / short-term rentals,airbnb_dj_0.60,"d_I=0.10, d_J=0.60",False,d_J (with d_I fixed at 0.10),0.6,100,0.1,0.1,0.6,2,Both sides search,611,6.11,99.19999999999999,99.19999999999999,1.0,0.0,1.0,2.0407999982126057,Customers search,False,0.0,212.0,399.0,299.0,0.0,,
airbnb,Airbnb / short-term rentals,airbnb_dj_0.60,"d_I=0.10, d_J=0.60",False,d_J (with d_I fixed at 0.10),0.6,100,0.1,0.1,0.6,2,Centralized matching,10000,100.0,98.0,99.19999999999999,0.9879032258064517,0.012096774193548265,0.98,1.8966999996337108,Customers search,False,,,,,,100.0,569.0
airbnb,Airbnb / short-term rentals,airbnb_dj_0.80,"d_I=0.10, d_J=0.80",True,d_J (with d_I fixed at 0.10),0.8,100,0.1,0.1,0.8,2,Customers search,267,2.67,99.6,99.6,1.0,0.0,1.0,1.0118999998667277,Customers search,False,,55.0,212.0,112.0,,,
airbnb,Airbnb / short-term rentals,airbnb_dj_0.80,"d_I=0.10, d_J=0.80",True,d_J (with d_I fixed at 0.10),0.8,100,0.1,0.1,0.8,2,Providers search,2075,20.75,99.6,99.6,1.0,0.0,1.0,6.772900000214577,Customers search,False,,1902.0,173.0,73.0,,,
airbnb,Airbnb / short-term rentals,airbnb_dj_0.80,"d_I=0.10, d_J=0.80",True,d_J (with d_I fixed at 0.10),0.8,100,0.1,0.1,0.8,2,Both sides search,267,2.67,99.6,99.6,1.0,0.0,1.0,0.9374000001116656,Customers search,False,0.0,55.0,212.0,112.0,0.0,,
airbnb,Airbnb / short-term rentals,airbnb_dj_0.80,"d_I=0.10, d_J=0.80",True,d_J (with d_I fixed at 0.10),0.8,100,0.1,0.1,0.8,2,Centralized matching,10000,100.0,99.0,99.6,0.9939759036144579,0.0060240963855421326,0.99,1.7587000038474798,Customers search,False,,,,,,100.0,756.0
airbnb,Airbnb / short-term rentals,airbnb_dj_1.00,"d_I=0.10, d_J=1.00",False,d_J (with d_I fixed at 0.10),1.0,100,0.1,0.1,1.0,2,Customers search,126,1.26,100.0,100.0,1.0,0.0,1.0,0.4782999967574142,Customers search,False,,0.0,126.0,26.0,,,
airbnb,Airbnb / short-term rentals,airbnb_dj_1.00,"d_I=0.10, d_J=1.00",False,d_J (with d_I fixed at 0.10),1.0,100,0.1,0.1,1.0,2,Providers search,1989,19.89,100.0,100.0,1.0,0.0,1.0,6.372000003466383,Customers search,False,,1830.0,159.0,59.0,,,
airbnb,Airbnb / short-term rentals,airbnb_dj_1.00,"d_I=0.10, d_J=1.00",False,d_J (with d_I fixed at 0.10),1.0,100,0.1,0.1,1.0,2,Both sides search,126,1.26,100.0,100.0,1.0,0.0,1.0,0.4973999966750853,Customers search,False,0.0,0.0,126.0,26.0,0.0,,
airbnb,Airbnb / short-term rentals,airbnb_dj_1.00,"d_I=0.10, d_J=1.00",False,d_J (with d_I fixed at 0.10),1.0,100,0.1,0.1,1.0,2,Centralized matching,10000,100.0,100.0,100.0,1.0,0.0,1.0,1.7993000001297332,Customers search,False,,,,,,100.0,951.0
airbnb,Airbnb / short-term rentals,airbnb_dj_0.20,"d_I=0.10, d_J=0.20",False,d_J (with d_I fixed at 0.10),0.2,100,0.1,0.1,0.2,3,Customers search,846,8.46,91.19999999999996,91.19999999999996,1.0,0.0,1.0,2.6625000027706847,Customers search,False,,620.0,226.0,126.0,,,
airbnb,Airbnb / short-term rentals,airbnb_dj_0.20,"d_I=0.10, d_J=0.20",False,d_J (with d_I fixed at 0.10),0.2,100,0.1,0.1,0.2,3,Providers search,1405,14.05,91.19999999999995,91.19999999999996,0.9999999999999999,1.1102230246251565e-16,1.0,4.538299996056594,Customers search,False,,1209.0,196.0,96.0,,,
airbnb,Airbnb / short-term rentals,airbnb_dj_0.20,"d_I=0.10, d_J=0.20",False,d_J (with d_I fixed at 0.10),0.2,100,0.1,0.1,0.2,3,Both sides search,2224,22.24,91.19999999999996,91.19999999999996,1.0,0.0,1.0,0.9294999981648289,Customers search,False,0.4,0.0,230.0,130.0,1994.0,,
airbnb,Airbnb / short-term rentals,airbnb_dj_0.20,"d_I=0.10, d_J=0.20",False,d_J (with d_I fixed at 0.10),0.2,100,0.1,0.1,0.2,3,Centralized matching,10000,100.0,78.0,91.19999999999996,0.8552631578947372,0.14473684210526283,0.78,1.6911999991862103,Customers search,False,,,,,,100.0,185.0
airbnb,Airbnb / short-term rentals,airbnb_dj_0.40,"d_I=0.10, d_J=0.40",False,d_J (with d_I fixed at 0.10),0.4,100,0.1,0.1,0.4,3,Customers search,407,4.07,99.19999999999999,99.19999999999999,1.0,0.0,1.0,1.3398999944911338,Customers search,False,,226.0,181.0,81.0,,,
airbnb,Airbnb / short-term rentals,airbnb_dj_0.40,"d_I=0.10, d_J=0.40",False,d_J (with d_I fixed at 0.10),0.4,100,0.1,0.1,0.4,3,Providers search,2386,23.86,99.19999999999999,99.19999999999999,1.0,0.0,1.0,8.213300003262702,Customers search,False,,2058.0,328.0,228.0,,,
airbnb,Airbnb / short-term rentals,airbnb_dj_0.40,"d_I=0.10, d_J=0.40",False,d_J (with d_I fixed at 0.10),0.4,100,0.1,0.1,0.4,3,Both sides search,407,4.07,99.19999999999999,99.19999999999999,1.0,0.0,1.0,1.3260999985504895,Customers search,False,0.0,226.0,181.0,81.0,0.0,,
airbnb,Airbnb / short-term rentals,airbnb_dj_0.40,"d_I=0.10, d_J=0.40",False,d_J (with d_I fixed at 0.10),0.4,100,0.1,0.1,0.4,3,Centralized matching,10000,100.0,98.0,99.19999999999999,0.9879032258064517,0.012096774193548265,0.98,1.7206999982590787,Customers search,False,,,,,,100.0,403.0
airbnb,Airbnb / short-term rentals,airbnb_dj_0.60,"d_I=0.10, d_J=0.60",False,d_J (with d_I fixed at 0.10),0.6,100,0.1,0.1,0.6,3,Customers search,236,2.36,100.0,100.0,1.0,0.0,1.0,0.7828000016161241,Customers search,False,,82.0,154.0,54.0,,,
airbnb,Airbnb / short-term rentals,airbnb_dj_0.60,"d_I=0.10, d_J=0.60",False,d_J (with d_I fixed at 0.10),0.6,100,0.1,0.1,0.6,3,Providers search,1516,15.16,100.0,100.0,1.0,0.0,1.0,5.040899995947257,Customers search,False,,1361.0,155.0,55.0,,,
airbnb,Airbnb / short-term rentals,airbnb_dj_0.60,"d_I=0.10, d_J=0.60",False,d_J (with d_I fixed at 0.10),0.6,100,0.1,0.1,0.6,3,Both sides search,236,2.36,100.0,100.0,1.0,0.0,1.0,0.8190000007743947,Customers search,False,0.0,82.0,154.0,54.0,0.0,,
airbnb,Airbnb / short-term rentals,airbnb_dj_0.60,"d_I=0.10, d_J=0.60",False,d_J (with d_I fixed at 0.10),0.6,100,0.1,0.1,0.6,3,Centralized matching,10000,100.0,100.0,100.0,1.0,0.0,1.0,1.7099000033340417,Customers search,False,,,,,,100.0,615.0
airbnb,Airbnb / short-term rentals,airbnb_dj_0.80,"d_I=0.10, d_J=0.80",True,d_J (with d_I fixed at 0.10),0.8,100,0.1,0.1,0.8,3,Customers search,197,1.97,100.0,100.0,1.0,0.0,1.0,0.7487000038963743,Customers search,False,,46.0,151.0,51.0,,,
airbnb,Airbnb / short-term rentals,airbnb_dj_0.80,"d_I=0.10, d_J=0.80",True,d_J (with d_I fixed at 0.10),0.8,100,0.1,0.1,0.8,3,Providers search,1478,14.78,100.0,100.0,1.0,0.0,1.0,4.84120000328403,Customers search,False,,1332.0,146.0,46.0,,,
airbnb,Airbnb / short-term rentals,airbnb_dj_0.80,"d_I=0.10, d_J=0.80",True,d_J (with d_I fixed at 0.10),0.8,100,0.1,0.1,0.8,3,Both sides search,197,1.97,100.0,100.0,1.0,0.0,1.0,0.6949000016902573,Customers search,False,0.0,46.0,151.0,51.0,0.0,,
airbnb,Airbnb / short-term rentals,airbnb_dj_0.80,"d_I=0.10, d_J=0.80",True,d_J (with d_I fixed at 0.10),0.8,100,0.1,0.1,0.8,3,Centralized matching,10000,100.0,100.0,100.0,1.0,0.0,1.0,1.9307999973534606,Customers search,False,,,,,,100.0,814.0
airbnb,Airbnb / short-term rentals,airbnb_dj_1.00,"d_I=0.10, d_J=1.00",False,d_J (with d_I fixed at 0.10),1.0,100,0.1,0.1,1.0,3,Customers search,124,1.24,100.0,100.0,1.0,0.0,1.0,0.43200000072829425,Customers search,False,,0.0,124.0,24.0,,,
airbnb,Airbnb / short-term rentals,airbnb_dj_1.00,"d_I=0.10, d_J=1.00",False,d_J (with d_I fixed at 0.10),1.0,100,0.1,0.1,1.0,3,Providers search,1208,12.08,100.0,100.0,1.0,0.0,1.0,3.8398000033339486,Customers search,False,,1086.0,122.0,22.0,,,
airbnb,Airbnb / short-term rentals,airbnb_dj_1.00,"d_I=0.10, d_J=1.00",False,d_J (with d_I fixed at 0.10),1.0,100,0.1,0.1,1.0,3,Both sides search,124,1.24,100.0,100.0,1.0,0.0,1.0,0.4478000046219677,Customers search,False,0.0,0.0,124.0,24.0,0.0,,
airbnb,Airbnb / short-term rentals,airbnb_dj_1.00,"d_I=0.10, d_J=1.00",False,d_J (with d_I fixed at 0.10),1.0,100,0.1,0.1,1.0,3,Centralized matching,10000,100.0,100.0,100.0,1.0,0.0,1.0,1.7659000004641712,Customers search,False,,,,,,100.0,1025.0
airbnb,Airbnb / short-term rentals,airbnb_dj_0.20,"d_I=0.10, d_J=0.20",False,d_J (with d_I fixed at 0.10),0.2,100,0.1,0.1,0.2,4,Customers search,770,7.7,91.99999999999997,92.39999999999995,0.9956709956709959,0.004329004329004071,1.0,2.3617000042577274,Customers search,False,,543.0,227.0,127.0,,,
airbnb,Airbnb / short-term rentals,airbnb_dj_0.20,"d_I=0.10, d_J=0.20",False,d_J (with d_I fixed at 0.10),0.2,100,0.1,0.1,0.2,4,Providers search,1224,12.24,92.39999999999995,92.39999999999995,1.0,0.0,1.0,4.03329999971902,Customers search,False,,1057.0,167.0,67.0,,,
airbnb,Airbnb / short-term rentals,airbnb_dj_0.20,"d_I=0.10, d_J=0.20",False,d_J (with d_I fixed at 0.10),0.2,100,0.1,0.1,0.2,4,Both sides search,2321,23.21,92.39999999999996,92.39999999999995,1.0000000000000002,-2.220446049250313e-16,1.0,0.9110000028158538,Customers search,False,0.4,0.0,239.0,139.0,2082.0,,
airbnb,Airbnb / short-term rentals,airbnb_dj_0.20,"d_I=0.10, d_J=0.20",False,d_J (with d_I fixed at 0.10),0.2,100,0.1,0.1,0.2,4,Centralized matching,10000,100.0,81.0,92.39999999999995,0.8766233766233771,0.12337662337662292,0.81,1.6868999955477193,Customers search,False,,,,,,100.0,198.0
airbnb,Airbnb / short-term rentals,airbnb_dj_0.40,"d_I=0.10, d_J=0.40",False,d_J (with d_I fixed at 0.10),0.4,100,0.1,0.1,0.4,4,Customers search,626,6.26,98.39999999999999,98.39999999999999,1.0,0.0,1.0,2.013600002101157,Customers search,False,,337.0,289.0,189.0,,,
airbnb,Airbnb / short-term rentals,airbnb_dj_0.40,"d_I=0.10, d_J=0.40",False,d_J (with d_I fixed at 0.10),0.4,100,0.1,0.1,0.4,4,Providers search,2049,20.49,97.6,98.39999999999999,0.9918699186991871,0.008130081300812941,1.0,6.71650000003865,Customers search,False,,1833.0,216.0,116.0,,,
airbnb,Airbnb / short-term rentals,airbnb_dj_0.40,"d_I=0.10, d_J=0.40",False,d_J (with d_I fixed at 0.10),0.4,100,0.1,0.1,0.4,4,Both sides search,626,6.26,98.39999999999999,98.39999999999999,1.0,0.0,1.0,2.1502000017790124,Customers search,False,0.0,337.0,289.0,189.0,0.0,,
airbnb,Airbnb / short-term rentals,airbnb_dj_0.40,"d_I=0.10, d_J=0.40",False,d_J (with d_I fixed at 0.10),0.4,100,0.1,0.1,0.4,4,Centralized matching,10000,100.0,96.0,98.39999999999999,0.9756097560975611,0.024390243902438935,0.96,1.745200002915226,Customers search,False,,,,,,100.0,380.0
airbnb,Airbnb / short-term rentals,airbnb_dj_0.60,"d_I=0.10, d_J=0.60",False,d_J (with d_I fixed at 0.10),0.6,100,0.1,0.1,0.6,4,Customers search,273,2.73,100.0,100.0,1.0,0.0,1.0,0.8939000035752542,Customers search,False,,110.0,163.0,63.0,,,
airbnb,Airbnb / short-term rentals,airbnb_dj_0.60,"d_I=0.10, d_J=0.60",False,d_J (with d_I fixed at 0.10),0.6,100,0.1,0.1,0.6,4,Providers search,1628,16.28,100.0,100.0,1.0,0.0,1.0,5.2900000009685755,Customers search,False,,1465.0,163.0,63.0,,,
airbnb,Airbnb / short-term rentals,airbnb_dj_0.60,"d_I=0.10, d_J=0.60",False,d_J (with d_I fixed at 0.10),0.6,100,0.1,0.1,0.6,4,Both sides search,273,2.73,100.0,100.0,1.0,0.0,1.0,0.906000001123175,Customers search,False,0.0,110.0,163.0,63.0,0.0,,
airbnb,Airbnb / short-term rentals,airbnb_dj_0.60,"d_I=0.10, d_J=0.60",False,d_J (with d_I fixed at 0.10),0.6,100,0.1,0.1,0.6,4,Centralized matching,10000,100.0,100.0,100.0,1.0,0.0,1.0,1.7138000039267354,Customers search,False,,,,,,100.0,569.0
airbnb,Airbnb / short-term rentals,airbnb_dj_0.80,"d_I=0.10, d_J=0.80",True,d_J (with d_I fixed at 0.10),0.8,100,0.1,0.1,0.8,4,Customers search,354,3.54,100.0,100.0,1.0,0.0,1.0,1.2329000019235536,Customers search,False,,73.0,281.0,181.0,,,
airbnb,Airbnb / short-term rentals,airbnb_dj_0.80,"d_I=0.10, d_J=0.80",True,d_J (with d_I fixed at 0.10),0.8,100,0.1,0.1,0.8,4,Providers search,1817,18.17,100.0,100.0,1.0,0.0,1.0,5.887500003154855,Customers search,False,,1649.0,168.0,68.0,,,
airbnb,Airbnb / short-term rentals,airbnb_dj_0.80,"d_I=0.10, d_J=0.80",True,d_J (with d_I fixed at 0.10),0.8,100,0.1,0.1,0.8,4,Both sides search,354,3.54,100.0,100.0,1.0,0.0,1.0,1.2894999963464215,Customers search,False,0.0,73.0,281.0,181.0,0.0,,
airbnb,Airbnb / short-term rentals,airbnb_dj_0.80,"d_I=0.10, d_J=0.80",True,d_J (with d_I fixed at 0.10),0.8,100,0.1,0.1,0.8,4,Centralized matching,10000,100.0,100.0,100.0,1.0,0.0,1.0,1.7334000003756955,Customers search,False,,,,,,100.0,761.0
airbnb,Airbnb / short-term rentals,airbnb_dj_1.00,"d_I=0.10, d_J=1.00",False,d_J (with d_I fixed at 0.10),1.0,100,0.1,0.1,1.0,4,Customers search,123,1.23,100.0,100.0,1.0,0.0,1.0,0.4334999975981191,Customers search,False,,0.0,123.0,23.0,,,
airbnb,Airbnb / short-term rentals,airbnb_dj_1.00,"d_I=0.10, d_J=1.00",False,d_J (with d_I fixed at 0.10),1.0,100,0.1,0.1,1.0,4,Providers search,1159,11.59,100.0,100.0,1.0,0.0,1.0,3.7551999994320795,Customers search,False,,1044.0,115.0,15.0,,,
airbnb,Airbnb / short-term rentals,airbnb_dj_1.00,"d_I=0.10, d_J=1.00",False,d_J (with d_I fixed at 0.10),1.0,100,0.1,0.1,1.0,4,Both sides search,123,1.23,100.0,100.0,1.0,0.0,1.0,0.4626000009011477,Customers search,False,0.0,0.0,123.0,23.0,0.0,,
airbnb,Airbnb / short-term rentals,airbnb_dj_1.00,"d_I=0.10, d_J=1.00",False,d_J (with d_I fixed at 0.10),1.0,100,0.1,0.1,1.0,4,Centralized matching,10000,100.0,100.0,100.0,1.0,0.0,1.0,1.7185999968205579,Customers search,False,,,,,,100.0,978.0
airbnb,Airbnb / short-term rentals,airbnb_dj_0.20,"d_I=0.10, d_J=0.20",False,d_J (with d_I fixed at 0.10),0.2,100,0.1,0.1,0.2,5,Customers search,804,8.04,90.80000000000001,90.79999999999998,1.0000000000000002,-2.220446049250313e-16,1.0,2.5114000018220395,Customers search,False,,537.0,267.0,167.0,,,
airbnb,Airbnb / short-term rentals,airbnb_dj_0.20,"d_I=0.10, d_J=0.20",False,d_J (with d_I fixed at 0.10),0.2,100,0.1,0.1,0.2,5,Providers search,1103,11.03,90.79999999999997,90.79999999999998,0.9999999999999999,1.1102230246251565e-16,1.0,3.649400001449976,Customers search,False,,959.0,144.0,44.0,,,
airbnb,Airbnb / short-term rentals,airbnb_dj_0.20,"d_I=0.10, d_J=0.20",False,d_J (with d_I fixed at 0.10),0.2,100,0.1,0.1,0.2,5,Both sides search,2302,23.02,90.79999999999995,90.79999999999998,0.9999999999999997,3.3306690738754696e-16,1.0,1.1835999976028688,Customers search,False,0.4,0.0,320.0,220.0,1982.0,,
airbnb,Airbnb / short-term rentals,airbnb_dj_0.20,"d_I=0.10, d_J=0.20",False,d_J (with d_I fixed at 0.10),0.2,100,0.1,0.1,0.2,5,Centralized matching,10000,100.0,77.0,90.79999999999998,0.8480176211453746,0.1519823788546254,0.77,1.6706000023987144,Customers search,False,,,,,,100.0,210.0
airbnb,Airbnb / short-term rentals,airbnb_dj_0.40,"d_I=0.10, d_J=0.40",False,d_J (with d_I fixed at 0.10),0.4,100,0.1,0.1,0.4,5,Customers search,498,4.98,99.2,99.2,1.0,0.0,1.0,1.6391999961342663,Customers search,False,,268.0,230.0,130.0,,,
airbnb,Airbnb / short-term rentals,airbnb_dj_0.40,"d_I=0.10, d_J=0.40",False,d_J (with d_I fixed at 0.10),0.4,100,0.1,0.1,0.4,5,Providers search,2054,20.54,98.8,99.2,0.9959677419354838,0.0040322580645162365,1.0,6.655099998170044,Customers search,False,,1802.0,252.0,152.0,,,
airbnb,Airbnb / short-term rentals,airbnb_dj_0.40,"d_I=0.10, d_J=0.40",False,d_J (with d_I fixed at 0.10),0.4,100,0.1,0.1,0.4,5,Both sides search,498,4.98,99.2,99.2,1.0,0.0,1.0,1.640800001041498,Customers search,False,0.0,268.0,230.0,130.0,0.0,,
airbnb,Airbnb / short-term rentals,airbnb_dj_0.40,"d_I=0.10, d_J=0.40",False,d_J (with d_I fixed at 0.10),0.4,100,0.1,0.1,0.4,5,Centralized matching,10000,100.0,98.0,99.2,0.9879032258064516,0.012096774193548376,0.98,1.7721000040182844,Customers search,False,,,,,,100.0,403.0
airbnb,Airbnb / short-term rentals,airbnb_dj_0.60,"d_I=0.10, d_J=0.60",False,d_J (with d_I fixed at 0.10),0.6,100,0.1,0.1,0.6,5,Customers search,271,2.71,100.0,100.0,1.0,0.0,1.0,0.8837999994284473,Customers search,False,,100.0,171.0,71.0,,,
airbnb,Airbnb / short-term rentals,airbnb_dj_0.60,"d_I=0.10, d_J=0.60",False,d_J (with d_I fixed at 0.10),0.6,100,0.1,0.1,0.6,5,Providers search,1737,17.37,100.0,100.0,1.0,0.0,1.0,5.609000007098075,Customers search,False,,1556.0,181.0,81.0,,,
airbnb,Airbnb / short-term rentals,airbnb_dj_0.60,"d_I=0.10, d_J=0.60",False,d_J (with d_I fixed at 0.10),0.6,100,0.1,0.1,0.6,5,Both sides search,271,2.71,100.0,100.0,1.0,0.0,1.0,1.037699999869801,Customers search,False,0.0,100.0,171.0,71.0,0.0,,
airbnb,Airbnb / short-term rentals,airbnb_dj_0.60,"d_I=0.10, d_J=0.60",False,d_J (with d_I fixed at 0.10),0.6,100,0.1,0.1,0.6,5,Centralized matching,10000,100.0,100.0,100.0,1.0,0.0,1.0,1.7136000024038367,Customers search,False,,,,,,100.0,599.0
airbnb,Airbnb / short-term rentals,airbnb_dj_0.80,"d_I=0.10, d_J=0.80",True,d_J (with d_I fixed at 0.10),0.8,100,0.1,0.1,0.8,5,Customers search,164,1.64,100.0,100.0,1.0,0.0,1.0,0.5775000026915222,Customers search,False,,27.0,137.0,37.0,,,
airbnb,Airbnb / short-term rentals,airbnb_dj_0.80,"d_I=0.10, d_J=0.80",True,d_J (with d_I fixed at 0.10),0.8,100,0.1,0.1,0.8,5,Providers search,1427,14.27,100.0,100.0,1.0,0.0,1.0,4.540399997495115,Customers search,False,,1284.0,143.0,43.0,,,
airbnb,Airbnb / short-term rentals,airbnb_dj_0.80,"d_I=0.10, d_J=0.80",True,d_J (with d_I fixed at 0.10),0.8,100,0.1,0.1,0.8,5,Both sides search,164,1.64,100.0,100.0,1.0,0.0,1.0,0.5744000009144656,Customers search,False,0.0,27.0,137.0,37.0,0.0,,
airbnb,Airbnb / short-term rentals,airbnb_dj_0.80,"d_I=0.10, d_J=0.80",True,d_J (with d_I fixed at 0.10),0.8,100,0.1,0.1,0.8,5,Centralized matching,10000,100.0,100.0,100.0,1.0,0.0,1.0,1.7673000038485043,Customers search,False,,,,,,100.0,786.0
airbnb,Airbnb / short-term rentals,airbnb_dj_1.00,"d_I=0.10, d_J=1.00",False,d_J (with d_I fixed at 0.10),1.0,100,0.1,0.1,1.0,5,Customers search,117,1.17,100.0,100.0,1.0,0.0,1.0,0.41140000394079834,Customers search,False,,0.0,117.0,17.0,,,
airbnb,Airbnb / short-term rentals,airbnb_dj_1.00,"d_I=0.10, d_J=1.00",False,d_J (with d_I fixed at 0.10),1.0,100,0.1,0.1,1.0,5,Providers search,1162,11.62,100.0,100.0,1.0,0.0,1.0,3.700499997648876,Customers search,False,,1049.0,113.0,13.0,,,
airbnb,Airbnb / short-term rentals,airbnb_dj_1.00,"d_I=0.10, d_J=1.00",False,d_J (with d_I fixed at 0.10),1.0,100,0.1,0.1,1.0,5,Both sides search,117,1.17,100.0,100.0,1.0,0.0,1.0,0.42979999852832407,Customers search,False,0.0,0.0,117.0,17.0,0.0,,
airbnb,Airbnb / short-term rentals,airbnb_dj_1.00,"d_I=0.10, d_J=1.00",False,d_J (with d_I fixed at 0.10),1.0,100,0.1,0.1,1.0,5,Centralized matching,10000,100.0,100.0,100.0,1.0,0.0,1.0,1.673099999607075,Customers search,False,,,,,,100.0,975.0
airbnb,Airbnb / short-term rentals,airbnb_dj_0.20,"d_I=0.10, d_J=0.20",False,d_J (with d_I fixed at 0.10),0.2,100,0.1,0.1,0.2,6,Customers search,799,7.99,90.79999999999998,90.79999999999998,1.0,0.0,1.0,2.4727999989409,Customers search,False,,573.0,226.0,126.0,,,
airbnb,Airbnb / short-term rentals,airbnb_dj_0.20,"d_I=0.10, d_J=0.20",False,d_J (with d_I fixed at 0.10),0.2,100,0.1,0.1,0.2,6,Providers search,1275,12.75,90.79999999999995,90.79999999999998,0.9999999999999997,3.3306690738754696e-16,1.0,4.094299998541828,Customers search,False,,1101.0,174.0,74.0,,,
airbnb,Airbnb / short-term rentals,airbnb_dj_0.20,"d_I=0.10, d_J=0.20",False,d_J (with d_I fixed at 0.10),0.2,100,0.1,0.1,0.2,6,Both sides search,2243,22.43,90.79999999999998,90.79999999999998,1.0,0.0,1.0,0.9674000029917806,Customers search,False,0.4,0.0,256.0,156.0,1987.0,,
airbnb,Airbnb / short-term rentals,airbnb_dj_0.20,"d_I=0.10, d_J=0.20",False,d_J (with d_I fixed at 0.10),0.2,100,0.1,0.1,0.2,6,Centralized matching,10000,100.0,77.0,90.79999999999998,0.8480176211453746,0.1519823788546254,0.77,1.6493000002810732,Customers search,False,,,,,,100.0,187.0
airbnb,Airbnb / short-term rentals,airbnb_dj_0.40,"d_I=0.10, d_J=0.40",False,d_J (with d_I fixed at 0.10),0.4,100,0.1,0.1,0.4,6,Customers search,647,6.47,98.4,98.4,1.0,0.0,1.0,2.0509999958449043,Customers search,False,,321.0,326.0,226.0,,,
airbnb,Airbnb / short-term rentals,airbnb_dj_0.40,"d_I=0.10, d_J=0.40",False,d_J (with d_I fixed at 0.10),0.4,100,0.1,0.1,0.4,6,Providers search,1656,16.56,98.39999999999999,98.4,0.9999999999999999,1.1102230246251565e-16,1.0,5.645500001264736,Customers search,False,,1486.0,170.0,70.0,,,
airbnb,Airbnb / short-term rentals,airbnb_dj_0.40,"d_I=0.10, d_J=0.40",False,d_J (with d_I fixed at 0.10),0.4,100,0.1,0.1,0.4,6,Both sides search,647,6.47,98.4,98.4,1.0,0.0,1.0,2.097299999149982,Customers search,False,0.0,321.0,326.0,226.0,0.0,,
airbnb,Airbnb / short-term rentals,airbnb_dj_0.40,"d_I=0.10, d_J=0.40",False,d_J (with d_I fixed at 0.10),0.4,100,0.1,0.1,0.4,6,Centralized matching,10000,100.0,96.0,98.4,0.975609756097561,0.024390243902439046,0.96,1.746300004015211,Customers search,False,,,,,,100.0,405.0
airbnb,Airbnb / short-term rentals,airbnb_dj_0.60,"d_I=0.10, d_J=0.60",False,d_J (with d_I fixed at 0.10),0.6,100,0.1,0.1,0.6,6,Customers search,248,2.48,100.0,100.0,1.0,0.0,1.0,0.8076999947661534,Customers search,False,,98.0,150.0,50.0,,,
airbnb,Airbnb / short-term rentals,airbnb_dj_0.60,"d_I=0.10, d_J=0.60",False,d_J (with d_I fixed at 0.10),0.6,100,0.1,0.1,0.6,6,Providers search,1346,13.46,100.0,100.0,1.0,0.0,1.0,4.2938999977195635,Customers search,False,,1207.0,139.0,39.0,,,
airbnb,Airbnb / short-term rentals,airbnb_dj_0.60,"d_I=0.10, d_J=0.60",False,d_J (with d_I fixed at 0.10),0.6,100,0.1,0.1,0.6,6,Both sides search,248,2.48,100.0,100.0,1.0,0.0,1.0,0.8171000008587725,Customers search,False,0.0,98.0,150.0,50.0,0.0,,
airbnb,Airbnb / short-term rentals,airbnb_dj_0.60,"d_I=0.10, d_J=0.60",False,d_J (with d_I fixed at 0.10),0.6,100,0.1,0.1,0.6,6,Centralized matching,10000,100.0,100.0,100.0,1.0,0.0,1.0,1.738600003591273,Customers search,False,,,,,,100.0,591.0
airbnb,Airbnb / short-term rentals,airbnb_dj_0.80,"d_I=0.10, d_J=0.80",True,d_J (with d_I fixed at 0.10),0.8,100,0.1,0.1,0.8,6,Customers search,160,1.6,100.0,100.0,1.0,0.0,1.0,0.544999995327089,Customers search,False,,29.0,131.0,31.0,,,
airbnb,Airbnb / short-term rentals,airbnb_dj_0.80,"d_I=0.10, d_J=0.80",True,d_J (with d_I fixed at 0.10),0.8,100,0.1,0.1,0.8,6,Providers search,1237,12.37,100.0,100.0,1.0,0.0,1.0,3.961499998695217,Customers search,False,,1111.0,126.0,26.0,,,
airbnb,Airbnb / short-term rentals,airbnb_dj_0.80,"d_I=0.10, d_J=0.80",True,d_J (with d_I fixed at 0.10),0.8,100,0.1,0.1,0.8,6,Both sides search,160,1.6,100.0,100.0,1.0,0.0,1.0,0.559899999643676,Customers search,False,0.0,29.0,131.0,31.0,0.0,,
airbnb,Airbnb / short-term rentals,airbnb_dj_0.80,"d_I=0.10, d_J=0.80",True,d_J (with d_I fixed at 0.10),0.8,100,0.1,0.1,0.8,6,Centralized matching,10000,100.0,100.0,100.0,1.0,0.0,1.0,1.6968000054475851,Customers search,False,,,,,,100.0,764.0
airbnb,Airbnb / short-term rentals,airbnb_dj_1.00,"d_I=0.10, d_J=1.00",False,d_J (with d_I fixed at 0.10),1.0,100,0.1,0.1,1.0,6,Customers search,155,1.55,100.0,100.0,1.0,0.0,1.0,0.5326999962562695,Customers search,False,,0.0,155.0,55.0,,,
airbnb,Airbnb / short-term rentals,airbnb_dj_1.00,"d_I=0.10, d_J=1.00",False,d_J (with d_I fixed at 0.10),1.0,100,0.1,0.1,1.0,6,Providers search,1416,14.16,100.0,100.0,1.0,0.0,1.0,4.528199999185745,Customers search,False,,1288.0,128.0,28.0,,,
airbnb,Airbnb / short-term rentals,airbnb_dj_1.00,"d_I=0.10, d_J=1.00",False,d_J (with d_I fixed at 0.10),1.0,100,0.1,0.1,1.0,6,Both sides search,155,1.55,100.0,100.0,1.0,0.0,1.0,0.5469999960041605,Customers search,False,0.0,0.0,155.0,55.0,0.0,,
airbnb,Airbnb / short-term rentals,airbnb_dj_1.00,"d_I=0.10, d_J=1.00",False,d_J (with d_I fixed at 0.10),1.0,100,0.1,0.1,1.0,6,Centralized matching,10000,100.0,100.0,100.0,1.0,0.0,1.0,1.6892000057850964,Customers search,False,,,,,,100.0,937.0
airbnb,Airbnb / short-term rentals,airbnb_dj_0.20,"d_I=0.10, d_J=0.20",False,d_J (with d_I fixed at 0.10),0.2,100,0.1,0.1,0.2,7,Customers search,866,8.66,90.79999999999997,90.79999999999998,0.9999999999999999,1.1102230246251565e-16,1.0,2.661200000147801,Customers search,False,,606.0,260.0,160.0,,,
airbnb,Airbnb / short-term rentals,airbnb_dj_0.20,"d_I=0.10, d_J=0.20",False,d_J (with d_I fixed at 0.10),0.2,100,0.1,0.1,0.2,7,Providers search,1337,13.37,90.39999999999995,90.79999999999998,0.9955947136563873,0.004405286343612702,1.0,4.334299999754876,Customers search,False,,1142.0,195.0,95.0,,,
airbnb,Airbnb / short-term rentals,airbnb_dj_0.20,"d_I=0.10, d_J=0.20",False,d_J (with d_I fixed at 0.10),0.2,100,0.1,0.1,0.2,7,Both sides search,2212,22.12,90.79999999999997,90.79999999999998,0.9999999999999999,1.1102230246251565e-16,1.0,0.9111000035773031,Customers search,False,0.4,0.0,238.0,138.0,1974.0,,
airbnb,Airbnb / short-term rentals,airbnb_dj_0.20,"d_I=0.10, d_J=0.20",False,d_J (with d_I fixed at 0.10),0.2,100,0.1,0.1,0.2,7,Centralized matching,10000,100.0,77.0,90.79999999999998,0.8480176211453746,0.1519823788546254,0.77,1.6376999992644414,Customers search,False,,,,,,100.0,208.0
airbnb,Airbnb / short-term rentals,airbnb_dj_0.40,"d_I=0.10, d_J=0.40",False,d_J (with d_I fixed at 0.10),0.4,100,0.1,0.1,0.4,7,Customers search,606,6.06,99.6,99.6,1.0,0.0,1.0,1.9146999984513968,Customers search,False,,332.0,274.0,174.0,,,
airbnb,Airbnb / short-term rentals,airbnb_dj_0.40,"d_I=0.10, d_J=0.40",False,d_J (with d_I fixed at 0.10),0.4,100,0.1,0.1,0.4,7,Providers search,1916,19.16,99.6,99.6,1.0,0.0,1.0,6.104000000050291,Customers search,False,,1707.0,209.0,109.0,,,
airbnb,Airbnb / short-term rentals,airbnb_dj_0.40,"d_I=0.10, d_J=0.40",False,d_J (with d_I fixed at 0.10),0.4,100,0.1,0.1,0.4,7,Both sides search,606,6.06,99.6,99.6,1.0,0.0,1.0,1.9523000009940006,Customers search,False,0.0,332.0,274.0,174.0,0.0,,
airbnb,Airbnb / short-term rentals,airbnb_dj_0.40,"d_I=0.10, d_J=0.40",False,d_J (with d_I fixed at 0.10),0.4,100,0.1,0.1,0.4,7,Centralized matching,10000,100.0,99.0,99.6,0.9939759036144579,0.0060240963855421326,0.99,1.7458000002079643,Customers search,False,,,,,,100.0,420.0
airbnb,Airbnb / short-term rentals,airbnb_dj_0.60,"d_I=0.10, d_J=0.60",False,d_J (with d_I fixed at 0.10),0.6,100,0.1,0.1,0.6,7,Customers search,198,1.98,100.0,100.0,1.0,0.0,1.0,0.6543999988934956,Customers search,False,,67.0,131.0,31.0,,,
airbnb,Airbnb / short-term rentals,airbnb_dj_0.60,"d_I=0.10, d_J=0.60",False,d_J (with d_I fixed at 0.10),0.6,100,0.1,0.1,0.6,7,Providers search,1384,13.84,100.0,100.0,1.0,0.0,1.0,4.437899995537009,Customers search,False,,1250.0,134.0,34.0,,,
airbnb,Airbnb / short-term rentals,airbnb_dj_0.60,"d_I=0.10, d_J=0.60",False,d_J (with d_I fixed at 0.10),0.6,100,0.1,0.1,0.6,7,Both sides search,198,1.98,100.0,100.0,1.0,0.0,1.0,0.6703999970341101,Customers search,False,0.0,67.0,131.0,31.0,0.0,,
airbnb,Airbnb / short-term rentals,airbnb_dj_0.60,"d_I=0.10, d_J=0.60",False,d_J (with d_I fixed at 0.10),0.6,100,0.1,0.1,0.6,7,Centralized matching,10000,100.0,100.0,100.0,1.0,0.0,1.0,1.6709999981685542,Customers search,False,,,,,,100.0,624.0
airbnb,Airbnb / short-term rentals,airbnb_dj_0.80,"d_I=0.10, d_J=0.80",True,d_J (with d_I fixed at 0.10),0.8,100,0.1,0.1,0.8,7,Customers search,178,1.78,100.0,100.0,1.0,0.0,1.0,0.6001000001560897,Customers search,False,,43.0,135.0,35.0,,,
airbnb,Airbnb / short-term rentals,airbnb_dj_0.80,"d_I=0.10, d_J=0.80",True,d_J (with d_I fixed at 0.10),0.8,100,0.1,0.1,0.8,7,Providers search,1281,12.81,100.0,100.0,1.0,0.0,1.0,4.147200001170859,Customers search,False,,1161.0,120.0,20.0,,,
airbnb,Airbnb / short-term rentals,airbnb_dj_0.80,"d_I=0.10, d_J=0.80",True,d_J (with d_I fixed at 0.10),0.8,100,0.1,0.1,0.8,7,Both sides search,178,1.78,100.0,100.0,1.0,0.0,1.0,0.6192000000737607,Customers search,False,0.0,43.0,135.0,35.0,0.0,,
airbnb,Airbnb / short-term rentals,airbnb_dj_0.80,"d_I=0.10, d_J=0.80",True,d_J (with d_I fixed at 0.10),0.8,100,0.1,0.1,0.8,7,Centralized matching,10000,100.0,100.0,100.0,1.0,0.0,1.0,1.6656000007060356,Customers search,False,,,,,,100.0,823.0
airbnb,Airbnb / short-term rentals,airbnb_dj_1.00,"d_I=0.10, d_J=1.00",False,d_J (with d_I fixed at 0.10),1.0,100,0.1,0.1,1.0,7,Customers search,151,1.51,100.0,100.0,1.0,0.0,1.0,0.4880999986198731,Customers search,False,,0.0,151.0,51.0,,,
airbnb,Airbnb / short-term rentals,airbnb_dj_1.00,"d_I=0.10, d_J=1.00",False,d_J (with d_I fixed at 0.10),1.0,100,0.1,0.1,1.0,7,Providers search,1034,10.34,100.0,100.0,1.0,0.0,1.0,3.0435000007855706,Customers search,False,,926.0,108.0,8.0,,,
airbnb,Airbnb / short-term rentals,airbnb_dj_1.00,"d_I=0.10, d_J=1.00",False,d_J (with d_I fixed at 0.10),1.0,100,0.1,0.1,1.0,7,Both sides search,151,1.51,100.0,100.0,1.0,0.0,1.0,0.5061999981990084,Customers search,False,0.0,0.0,151.0,51.0,0.0,,
airbnb,Airbnb / short-term rentals,airbnb_dj_1.00,"d_I=0.10, d_J=1.00",False,d_J (with d_I fixed at 0.10),1.0,100,0.1,0.1,1.0,7,Centralized matching,10000,100.0,100.0,100.0,1.0,0.0,1.0,1.6619000016362406,Customers search,False,,,,,,100.0,1026.0
airbnb,Airbnb / short-term rentals,airbnb_dj_0.20,"d_I=0.10, d_J=0.20",False,d_J (with d_I fixed at 0.10),0.2,100,0.1,0.1,0.2,8,Customers search,864,8.64,90.8,90.8,1.0,0.0,1.0,2.449600004183594,Customers search,False,,612.0,252.0,152.0,,,
airbnb,Airbnb / short-term rentals,airbnb_dj_0.20,"d_I=0.10, d_J=0.20",False,d_J (with d_I fixed at 0.10),0.2,100,0.1,0.1,0.2,8,Providers search,1471,14.71,90.8,90.8,1.0,0.0,1.0,4.349900002125651,Customers search,False,,1222.0,249.0,149.0,,,
airbnb,Airbnb / short-term rentals,airbnb_dj_0.20,"d_I=0.10, d_J=0.20",False,d_J (with d_I fixed at 0.10),0.2,100,0.1,0.1,0.2,8,Both sides search,2196,21.96,90.79999999999998,90.8,0.9999999999999999,1.1102230246251565e-16,1.0,0.8994000017992221,Customers search,False,0.4,0.0,234.0,134.0,1962.0,,
airbnb,Airbnb / short-term rentals,airbnb_dj_0.20,"d_I=0.10, d_J=0.20",False,d_J (with d_I fixed at 0.10),0.2,100,0.1,0.1,0.2,8,Centralized matching,10000,100.0,77.0,90.8,0.8480176211453745,0.1519823788546255,0.77,1.514200004749,Customers search,False,,,,,,100.0,197.0
airbnb,Airbnb / short-term rentals,airbnb_dj_0.40,"d_I=0.10, d_J=0.40",False,d_J (with d_I fixed at 0.10),0.4,100,0.1,0.1,0.4,8,Customers search,432,4.32,97.6,97.6,1.0,0.0,1.0,1.2614000006578863,Customers search,False,,240.0,192.0,92.0,,,
airbnb,Airbnb / short-term rentals,airbnb_dj_0.40,"d_I=0.10, d_J=0.40",False,d_J (with d_I fixed at 0.10),0.4,100,0.1,0.1,0.4,8,Providers search,2451,24.51,97.6,97.6,1.0,0.0,1.0,7.193600002210587,Customers search,False,,2152.0,299.0,199.0,,,
airbnb,Airbnb / short-term rentals,airbnb_dj_0.40,"d_I=0.10, d_J=0.40",False,d_J (with d_I fixed at 0.10),0.4,100,0.1,0.1,0.4,8,Both sides search,432,4.32,97.6,97.6,1.0,0.0,1.0,1.259199998457916,Customers search,False,0.0,240.0,192.0,92.0,0.0,,
airbnb,Airbnb / short-term rentals,airbnb_dj_0.40,"d_I=0.10, d_J=0.40",False,d_J (with d_I fixed at 0.10),0.4,100,0.1,0.1,0.4,8,Centralized matching,10000,100.0,94.0,97.6,0.9631147540983607,0.03688524590163933,0.94,1.541400000860449,Customers search,False,,,,,,100.0,396.0
airbnb,Airbnb / short-term rentals,airbnb_dj_0.60,"d_I=0.10, d_J=0.60",False,d_J (with d_I fixed at 0.10),0.6,100,0.1,0.1,0.6,8,Customers search,294,2.94,100.0,100.0,1.0,0.0,1.0,0.872600001457613,Customers search,False,,115.0,179.0,79.0,,,
airbnb,Airbnb / short-term rentals,airbnb_dj_0.60,"d_I=0.10, d_J=0.60",False,d_J (with d_I fixed at 0.10),0.6,100,0.1,0.1,0.6,8,Providers search,2063,20.63,100.0,100.0,1.0,0.0,1.0,6.1520000017480925,Customers search,False,,1876.0,187.0,87.0,,,
airbnb,Airbnb / short-term rentals,airbnb_dj_0.60,"d_I=0.10, d_J=0.60",False,d_J (with d_I fixed at 0.10),0.6,100,0.1,0.1,0.6,8,Both sides search,294,2.94,100.0,100.0,1.0,0.0,1.0,0.9049000000231899,Customers search,False,0.0,115.0,179.0,79.0,0.0,,
airbnb,Airbnb / short-term rentals,airbnb_dj_0.60,"d_I=0.10, d_J=0.60",False,d_J (with d_I fixed at 0.10),0.6,100,0.1,0.1,0.6,8,Centralized matching,10000,100.0,100.0,100.0,1.0,0.0,1.0,1.5763999981572852,Customers search,False,,,,,,100.0,579.0
airbnb,Airbnb / short-term rentals,airbnb_dj_0.80,"d_I=0.10, d_J=0.80",True,d_J (with d_I fixed at 0.10),0.8,100,0.1,0.1,0.8,8,Customers search,202,2.02,100.0,100.0,1.0,0.0,1.0,0.6279000008362345,Customers search,False,,42.0,160.0,60.0,,,
airbnb,Airbnb / short-term rentals,airbnb_dj_0.80,"d_I=0.10, d_J=0.80",True,d_J (with d_I fixed at 0.10),0.8,100,0.1,0.1,0.8,8,Providers search,1562,15.62,100.0,100.0,1.0,0.0,1.0,4.641699997591786,Customers search,False,,1424.0,138.0,38.0,,,
airbnb,Airbnb / short-term rentals,airbnb_dj_0.80,"d_I=0.10, d_J=0.80",True,d_J (with d_I fixed at 0.10),0.8,100,0.1,0.1,0.8,8,Both sides search,202,2.02,100.0,100.0,1.0,0.0,1.0,0.6496999994851649,Customers search,False,0.0,42.0,160.0,60.0,0.0,,
airbnb,Airbnb / short-term rentals,airbnb_dj_0.80,"d_I=0.10, d_J=0.80",True,d_J (with d_I fixed at 0.10),0.8,100,0.1,0.1,0.8,8,Centralized matching,10000,100.0,100.0,100.0,1.0,0.0,1.0,1.6724000015528873,Customers search,False,,,,,,100.0,768.0
airbnb,Airbnb / short-term rentals,airbnb_dj_1.00,"d_I=0.10, d_J=1.00",False,d_J (with d_I fixed at 0.10),1.0,100,0.1,0.1,1.0,8,Customers search,165,1.65,100.0,100.0,1.0,0.0,1.0,0.5354999957489781,Customers search,False,,0.0,165.0,65.0,,,
airbnb,Airbnb / short-term rentals,airbnb_dj_1.00,"d_I=0.10, d_J=1.00",False,d_J (with d_I fixed at 0.10),1.0,100,0.1,0.1,1.0,8,Providers search,1098,10.98,100.0,100.0,1.0,0.0,1.0,3.2451000006403774,Customers search,False,,993.0,105.0,5.0,,,
airbnb,Airbnb / short-term rentals,airbnb_dj_1.00,"d_I=0.10, d_J=1.00",False,d_J (with d_I fixed at 0.10),1.0,100,0.1,0.1,1.0,8,Both sides search,165,1.65,100.0,100.0,1.0,0.0,1.0,0.5499999970197678,Customers search,False,0.0,0.0,165.0,65.0,0.0,,
airbnb,Airbnb / short-term rentals,airbnb_dj_1.00,"d_I=0.10, d_J=1.00",False,d_J (with d_I fixed at 0.10),1.0,100,0.1,0.1,1.0,8,Centralized matching,10000,100.0,100.0,100.0,1.0,0.0,1.0,1.5700000003562309,Customers search,False,,,,,,100.0,965.0
airbnb,Airbnb / short-term rentals,airbnb_dj_0.20,"d_I=0.10, d_J=0.20",False,d_J (with d_I fixed at 0.10),0.2,100,0.1,0.1,0.2,9,Customers search,910,9.1,91.6,91.99999999999999,0.9956521739130436,0.004347826086956386,1.0,2.647200002684258,Customers search,False,,617.0,293.0,193.0,,,
airbnb,Airbnb / short-term rentals,airbnb_dj_0.20,"d_I=0.10, d_J=0.20",False,d_J (with d_I fixed at 0.10),0.2,100,0.1,0.1,0.2,9,Providers search,1401,14.01,91.99999999999997,91.99999999999999,0.9999999999999999,1.1102230246251565e-16,1.0,4.302400004235096,Customers search,False,,1178.0,223.0,123.0,,,
airbnb,Airbnb / short-term rentals,airbnb_dj_0.20,"d_I=0.10, d_J=0.20",False,d_J (with d_I fixed at 0.10),0.2,100,0.1,0.1,0.2,9,Both sides search,2242,22.42,91.99999999999997,91.99999999999999,0.9999999999999999,1.1102230246251565e-16,1.0,0.9264999971492216,Customers search,False,0.4,0.0,261.0,161.0,1981.0,,
airbnb,Airbnb / short-term rentals,airbnb_dj_0.20,"d_I=0.10, d_J=0.20",False,d_J (with d_I fixed at 0.10),0.2,100,0.1,0.1,0.2,9,Centralized matching,10000,100.0,80.0,91.99999999999999,0.8695652173913044,0.13043478260869557,0.8,1.574000001710374,Customers search,False,,,,,,100.0,208.0
airbnb,Airbnb / short-term rentals,airbnb_dj_0.40,"d_I=0.10, d_J=0.40",False,d_J (with d_I fixed at 0.10),0.4,100,0.1,0.1,0.4,9,Customers search,742,7.42,99.6,99.6,1.0,0.0,1.0,2.248700002382975,Customers search,False,,353.0,389.0,289.0,,,
airbnb,Airbnb / short-term rentals,airbnb_dj_0.40,"d_I=0.10, d_J=0.40",False,d_J (with d_I fixed at 0.10),0.4,100,0.1,0.1,0.4,9,Providers search,2202,22.02,99.6,99.6,1.0,0.0,1.0,6.838900000730064,Customers search,False,,1938.0,264.0,164.0,,,
airbnb,Airbnb / short-term rentals,airbnb_dj_0.40,"d_I=0.10, d_J=0.40",False,d_J (with d_I fixed at 0.10),0.4,100,0.1,0.1,0.4,9,Both sides search,742,7.42,99.6,99.6,1.0,0.0,1.0,2.2807000059401616,Customers search,False,0.0,353.0,389.0,289.0,0.0,,
airbnb,Airbnb / short-term rentals,airbnb_dj_0.40,"d_I=0.10, d_J=0.40",False,d_J (with d_I fixed at 0.10),0.4,100,0.1,0.1,0.4,9,Centralized matching,10000,100.0,99.0,99.6,0.9939759036144579,0.0060240963855421326,0.99,1.6611000028206035,Customers search,False,,,,,,100.0,444.0
airbnb,Airbnb / short-term rentals,airbnb_dj_0.60,"d_I=0.10, d_J=0.60",False,d_J (with d_I fixed at 0.10),0.6,100,0.1,0.1,0.6,9,Customers search,229,2.29,100.0,100.0,1.0,0.0,1.0,0.7272000002558343,Customers search,False,,84.0,145.0,45.0,,,
airbnb,Airbnb / short-term rentals,airbnb_dj_0.60,"d_I=0.10, d_J=0.60",False,d_J (with d_I fixed at 0.10),0.6,100,0.1,0.1,0.6,9,Providers search,1386,13.86,100.0,100.0,1.0,0.0,1.0,4.278599997633137,Customers search,False,,1236.0,150.0,50.0,,,
airbnb,Airbnb / short-term rentals,airbnb_dj_0.60,"d_I=0.10, d_J=0.60",False,d_J (with d_I fixed at 0.10),0.6,100,0.1,0.1,0.6,9,Both sides search,229,2.29,100.0,100.0,1.0,0.0,1.0,0.7339000003412366,Customers search,False,0.0,84.0,145.0,45.0,0.0,,
airbnb,Airbnb / short-term rentals,airbnb_dj_0.60,"d_I=0.10, d_J=0.60",False,d_J (with d_I fixed at 0.10),0.6,100,0.1,0.1,0.6,9,Centralized matching,10000,100.0,100.0,100.0,1.0,0.0,1.0,1.5940000012051314,Customers search,False,,,,,,100.0,628.0
airbnb,Airbnb / short-term rentals,airbnb_dj_0.80,"d_I=0.10, d_J=0.80",True,d_J (with d_I fixed at 0.10),0.8,100,0.1,0.1,0.8,9,Customers search,153,1.53,100.0,100.0,1.0,0.0,1.0,0.48969999625114724,Customers search,False,,23.0,130.0,30.0,,,
airbnb,Airbnb / short-term rentals,airbnb_dj_0.80,"d_I=0.10, d_J=0.80",True,d_J (with d_I fixed at 0.10),0.8,100,0.1,0.1,0.8,9,Providers search,1177,11.77,100.0,100.0,1.0,0.0,1.0,3.5817000025417656,Customers search,False,,1043.0,134.0,34.0,,,
airbnb,Airbnb / short-term rentals,airbnb_dj_0.80,"d_I=0.10, d_J=0.80",True,d_J (with d_I fixed at 0.10),0.8,100,0.1,0.1,0.8,9,Both sides search,153,1.53,100.0,100.0,1.0,0.0,1.0,0.5095000014989637,Customers search,False,0.0,23.0,130.0,30.0,0.0,,
airbnb,Airbnb / short-term rentals,airbnb_dj_0.80,"d_I=0.10, d_J=0.80",True,d_J (with d_I fixed at 0.10),0.8,100,0.1,0.1,0.8,9,Centralized matching,10000,100.0,100.0,100.0,1.0,0.0,1.0,1.6098999985842966,Customers search,False,,,,,,100.0,845.0
airbnb,Airbnb / short-term rentals,airbnb_dj_1.00,"d_I=0.10, d_J=1.00",False,d_J (with d_I fixed at 0.10),1.0,100,0.1,0.1,1.0,9,Customers search,118,1.18,100.0,100.0,1.0,0.0,1.0,0.39399999513989314,Customers search,False,,0.0,118.0,18.0,,,
airbnb,Airbnb / short-term rentals,airbnb_dj_1.00,"d_I=0.10, d_J=1.00",False,d_J (with d_I fixed at 0.10),1.0,100,0.1,0.1,1.0,9,Providers search,1228,12.28,100.0,100.0,1.0,0.0,1.0,3.787399997236207,Customers search,False,,1100.0,128.0,28.0,,,
airbnb,Airbnb / short-term rentals,airbnb_dj_1.00,"d_I=0.10, d_J=1.00",False,d_J (with d_I fixed at 0.10),1.0,100,0.1,0.1,1.0,9,Both sides search,118,1.18,100.0,100.0,1.0,0.0,1.0,0.41369999962626025,Customers search,False,0.0,0.0,118.0,18.0,0.0,,
airbnb,Airbnb / short-term rentals,airbnb_dj_1.00,"d_I=0.10, d_J=1.00",False,d_J (with d_I fixed at 0.10),1.0,100,0.1,0.1,1.0,9,Centralized matching,10000,100.0,100.0,100.0,1.0,0.0,1.0,1.589700004842598,Customers search,False,,,,,,100.0,1058.0
care,Care.com / childcare,care_d_0.02,d_I=d_J=0.02,True,common density d_I = d_J,0.02,25,0.1,0.02,0.02,0,Customers search,436,17.44,9.399999999999997,9.399999999999997,1.0,0.0,1.0,1.2414000011631288,Both sides search,False,,407.0,29.0,4.0,,,
care,Care.com / childcare,care_d_0.02,d_I=d_J=0.02,True,common density d_I = d_J,0.02,25,0.1,0.02,0.02,0,Providers search,502,20.08,9.399999999999997,9.399999999999997,1.0,0.0,1.0,1.472999996622093,Both sides search,False,,464.0,38.0,13.0,,,
care,Care.com / childcare,care_d_0.02,d_I=d_J=0.02,True,common density d_I = d_J,0.02,25,0.1,0.02,0.02,0,Both sides search,42,1.68,9.399999999999997,9.399999999999997,1.0,0.0,1.0,0.12549999519251287,Both sides search,False,0.4,0.0,32.0,7.0,10.0,,
care,Care.com / childcare,care_d_0.02,d_I=d_J=0.02,True,common density d_I = d_J,0.02,25,0.1,0.02,0.02,0,Centralized matching,625,25.0,0.0,9.399999999999997,0.0,1.0,0.0,0.35819999902741984,Both sides search,False,,,,,,25.0,0.0
care,Care.com / childcare,care_d_0.05,d_I=d_J=0.05,False,common density d_I = d_J,0.05,25,0.1,0.05,0.05,0,Customers search,351,14.04,12.599999999999993,12.599999999999993,1.0,0.0,1.0,1.0239999974146485,Both sides search,False,,298.0,53.0,28.0,,,
care,Care.com / childcare,care_d_0.05,d_I=d_J=0.05,False,common density d_I = d_J,0.05,25,0.1,0.05,0.05,0,Providers search,317,12.68,12.599999999999994,12.599999999999993,1.0000000000000002,-2.220446049250313e-16,1.0,0.9441000001970679,Both sides search,False,,281.0,36.0,11.0,,,
care,Care.com / childcare,care_d_0.05,d_I=d_J=0.05,False,common density d_I = d_J,0.05,25,0.1,0.05,0.05,0,Both sides search,90,3.6,12.599999999999994,12.599999999999993,1.0000000000000002,-2.220446049250313e-16,1.0,0.24470000062137842,Both sides search,False,0.4,0.0,68.0,43.0,22.0,,
care,Care.com / childcare,care_d_0.05,d_I=d_J=0.05,False,common density d_I = d_J,0.05,25,0.1,0.05,0.05,0,Centralized matching,625,25.0,1.0,12.599999999999993,0.07936507936507942,0.9206349206349206,0.04,0.36019999970449135,Both sides search,False,,,,,,25.0,1.0
care,Care.com / childcare,care_d_0.10,d_I=d_J=0.10,False,common density d_I = d_J,0.1,25,0.1,0.1,0.1,0,Customers search,269,10.76,15.399999999999995,16.199999999999996,0.9506172839506172,0.049382716049382824,1.0,0.8047999945119955,Both sides search,False,,187.0,82.0,57.0,,,
care,Care.com / childcare,care_d_0.10,d_I=d_J=0.10,False,common density d_I = d_J,0.1,25,0.1,0.1,0.1,0,Providers search,212,8.48,16.199999999999996,16.199999999999996,1.0,0.0,1.0,0.6521000032080337,Both sides search,False,,162.0,50.0,25.0,,,
care,Care.com / childcare,care_d_0.10,d_I=d_J=0.10,False,common density d_I = d_J,0.1,25,0.1,0.1,0.1,0,Both sides search,165,6.6,16.199999999999996,16.199999999999996,1.0,0.0,1.0,0.3662000017357059,Both sides search,False,0.4,0.0,106.0,81.0,59.0,,
care,Care.com / childcare,care_d_0.10,d_I=d_J=0.10,False,common density d_I = d_J,0.1,25,0.1,0.1,0.1,0,Centralized matching,625,25.0,4.0,16.199999999999996,0.24691358024691365,0.7530864197530863,0.16,0.35650000063469633,Both sides search,False,,,,,,25.0,4.0
care,Care.com / childcare,care_d_0.20,d_I=d_J=0.20,False,common density d_I = d_J,0.2,25,0.1,0.2,0.2,0,Customers search,150,6.0,20.200000000000006,20.200000000000003,1.0000000000000002,-2.220446049250313e-16,1.0,0.4487999976845458,Both sides search,False,,103.0,47.0,22.0,,,
care,Care.com / childcare,care_d_0.20,d_I=d_J=0.20,False,common density d_I = d_J,0.2,25,0.1,0.2,0.2,0,Providers search,149,5.96,20.200000000000006,20.200000000000003,1.0000000000000002,-2.220446049250313e-16,1.0,0.46689999726368114,Both sides search,False,,93.0,56.0,31.0,,,
care,Care.com / childcare,care_d_0.20,d_I=d_J=0.20,False,common density d_I = d_J,0.2,25,0.1,0.2,0.2,0,Both sides search,165,6.6,20.200000000000003,20.200000000000003,1.0,0.0,1.0,0.12830000196117908,Both sides search,False,0.4,0.0,32.0,7.0,133.0,,
care,Care.com / childcare,care_d_0.20,d_I=d_J=0.20,False,common density d_I = d_J,0.2,25,0.1,0.2,0.2,0,Centralized matching,625,25.0,13.0,20.200000000000003,0.6435643564356435,0.35643564356435653,0.52,0.36469999758992344,Both sides search,False,,,,,,25.0,26.0
care,Care.com / childcare,care_d_0.40,d_I=d_J=0.40,False,common density d_I = d_J,0.4,25,0.1,0.4,0.4,0,Customers search,80,3.2,25.0,25.0,1.0,0.0,1.0,0.25090000417549163,Both sides search,False,,49.0,31.0,6.0,,,
care,Care.com / childcare,care_d_0.40,d_I=d_J=0.40,False,common density d_I = d_J,0.4,25,0.1,0.4,0.4,0,Providers search,148,5.92,25.0,25.0,1.0,0.0,1.0,0.46750000183237717,Both sides search,False,,90.0,58.0,33.0,,,
care,Care.com / childcare,care_d_0.40,d_I=d_J=0.40,False,common density d_I = d_J,0.4,25,0.1,0.4,0.4,0,Both sides search,295,11.8,25.0,25.0,1.0,0.0,1.0,0.12889999925391749,Both sides search,False,0.4,0.0,31.0,6.0,264.0,,
care,Care.com / childcare,care_d_0.40,d_I=d_J=0.40,False,common density d_I = d_J,0.4,25,0.1,0.4,0.4,0,Centralized matching,625,25.0,25.0,25.0,1.0,0.0,1.0,0.5998000051476993,Both sides search,False,,,,,,25.0,96.0
care,Care.com / childcare,care_d_0.02,d_I=d_J=0.02,True,common density d_I = d_J,0.02,25,0.1,0.02,0.02,1,Customers search,394,15.76,11.399999999999995,11.799999999999995,0.9661016949152542,0.03389830508474578,1.0,1.9039999970118515,Both sides search,False,,351.0,43.0,18.0,,,
care,Care.com / childcare,care_d_0.02,d_I=d_J=0.02,True,common density d_I = d_J,0.02,25,0.1,0.02,0.02,1,Providers search,395,15.8,11.799999999999995,11.799999999999995,1.0,0.0,1.0,2.058099998976104,Both sides search,False,,355.0,40.0,15.0,,,
care,Care.com / childcare,care_d_0.02,d_I=d_J=0.02,True,common density d_I = d_J,0.02,25,0.1,0.02,0.02,1,Both sides search,58,2.32,11.799999999999995,11.799999999999995,1.0,0.0,1.0,0.16340000001946464,Both sides search,False,0.4,0.0,42.0,17.0,16.0,,
care,Care.com / childcare,care_d_0.02,d_I=d_J=0.02,True,common density d_I = d_J,0.02,25,0.1,0.02,0.02,1,Centralized matching,625,25.0,0.0,11.799999999999995,0.0,1.0,0.0,0.3763999993680045,Both sides search,False,,,,,,25.0,0.0
care,Care.com / childcare,care_d_0.05,d_I=d_J=0.05,False,common density d_I = d_J,0.05,25,0.1,0.05,0.05,1,Customers search,303,12.12,13.399999999999995,13.399999999999993,1.0000000000000002,-2.220446049250313e-16,1.0,0.8600000001024455,Both sides search,False,,260.0,43.0,18.0,,,
care,Care.com / childcare,care_d_0.05,d_I=d_J=0.05,False,common density d_I = d_J,0.05,25,0.1,0.05,0.05,1,Providers search,307,12.28,13.399999999999993,13.399999999999993,1.0,0.0,1.0,0.8988000045064837,Both sides search,False,,263.0,44.0,19.0,,,
care,Care.com / childcare,care_d_0.05,d_I=d_J=0.05,False,common density d_I = d_J,0.05,25,0.1,0.05,0.05,1,Both sides search,102,4.08,13.399999999999995,13.399999999999993,1.0000000000000002,-2.220446049250313e-16,1.0,0.24410000332864001,Both sides search,False,0.4,0.0,70.0,45.0,32.0,,
care,Care.com / childcare,care_d_0.05,d_I=d_J=0.05,False,common density d_I = d_J,0.05,25,0.1,0.05,0.05,1,Centralized matching,625,25.0,0.0,13.399999999999993,0.0,1.0,0.0,0.3513999981805682,Both sides search,False,,,,,,25.0,0.0
care,Care.com / childcare,care_d_0.10,d_I=d_J=0.10,False,common density d_I = d_J,0.1,25,0.1,0.1,0.1,1,Customers search,230,9.2,15.799999999999995,16.199999999999996,0.9753086419753086,0.024691358024691357,1.0,0.6703999970341101,Both sides search,False,,170.0,60.0,35.0,,,
care,Care.com / childcare,care_d_0.10,d_I=d_J=0.10,False,common density d_I = d_J,0.1,25,0.1,0.1,0.1,1,Providers search,224,8.96,16.199999999999996,16.199999999999996,1.0,0.0,1.0,0.679599994327873,Both sides search,False,,163.0,61.0,36.0,,,
care,Care.com / childcare,care_d_0.10,d_I=d_J=0.10,False,common density d_I = d_J,0.1,25,0.1,0.1,0.1,1,Both sides search,118,4.72,16.199999999999996,16.199999999999996,1.0,0.0,1.0,0.19439999596215785,Both sides search,False,0.4,0.0,52.0,27.0,66.0,,
care,Care.com / childcare,care_d_0.10,d_I=d_J=0.10,False,common density d_I = d_J,0.1,25,0.1,0.1,0.1,1,Centralized matching,625,25.0,3.0,16.199999999999996,0.18518518518518523,0.8148148148148148,0.12,0.352700000803452,Both sides search,False,,,,,,25.0,4.0
care,Care.com / childcare,care_d_0.20,d_I=d_J=0.20,False,common density d_I = d_J,0.2,25,0.1,0.2,0.2,1,Customers search,130,5.2,19.799999999999997,19.8,0.9999999999999998,2.220446049250313e-16,1.0,0.38859999767737463,Both sides search,False,,86.0,44.0,19.0,,,
care,Care.com / childcare,care_d_0.20,d_I=d_J=0.20,False,common density d_I = d_J,0.2,25,0.1,0.2,0.2,1,Providers search,133,5.32,19.8,19.8,1.0,0.0,1.0,0.4079999998793937,Both sides search,False,,97.0,36.0,11.0,,,
care,Care.com / childcare,care_d_0.20,d_I=d_J=0.20,False,common density d_I = d_J,0.2,25,0.1,0.2,0.2,1,Both sides search,175,7.0,19.8,19.8,1.0,0.0,1.0,0.20909999875584617,Both sides search,False,0.4,0.0,53.0,28.0,122.0,,
care,Care.com / childcare,care_d_0.20,d_I=d_J=0.20,False,common density d_I = d_J,0.2,25,0.1,0.2,0.2,1,Centralized matching,625,25.0,12.0,19.8,0.6060606060606061,0.3939393939393939,0.48,0.36660000478150323,Both sides search,False,,,,,,25.0,17.0
care,Care.com / childcare,care_d_0.40,d_I=d_J=0.40,False,common density d_I = d_J,0.4,25,0.1,0.4,0.4,1,Customers search,108,4.32,25.0,25.0,1.0,0.0,1.0,0.3355000008014031,Both sides search,False,,61.0,47.0,22.0,,,
care,Care.com / childcare,care_d_0.40,d_I=d_J=0.40,False,common density d_I = d_J,0.4,25,0.1,0.4,0.4,1,Providers search,123,4.92,24.6,25.0,0.9840000000000001,0.015999999999999903,1.0,0.3921000025002286,Both sides search,False,,71.0,52.0,27.0,,,
care,Care.com / childcare,care_d_0.40,d_I=d_J=0.40,False,common density d_I = d_J,0.4,25,0.1,0.4,0.4,1,Both sides search,282,11.28,25.0,25.0,1.0,0.0,1.0,0.1784999985829927,Both sides search,False,0.4,0.0,47.0,22.0,235.0,,
care,Care.com / childcare,care_d_0.40,d_I=d_J=0.40,False,common density d_I = d_J,0.4,25,0.1,0.4,0.4,1,Centralized matching,625,25.0,25.0,25.0,1.0,0.0,1.0,0.3687999997055158,Both sides search,False,,,,,,25.0,87.0
care,Care.com / childcare,care_d_0.02,d_I=d_J=0.02,True,common density d_I = d_J,0.02,25,0.1,0.02,0.02,2,Customers search,459,18.36,9.399999999999997,9.399999999999995,1.0000000000000002,-2.220446049250313e-16,1.0,1.2896000043838285,Both sides search,False,,426.0,33.0,8.0,,,
care,Care.com / childcare,care_d_0.02,d_I=d_J=0.02,True,common density d_I = d_J,0.02,25,0.1,0.02,0.02,2,Providers search,492,19.68,9.399999999999995,9.399999999999995,1.0,0.0,1.0,1.4430000010179356,Both sides search,False,,458.0,34.0,9.0,,,
care,Care.com / childcare,care_d_0.02,d_I=d_J=0.02,True,common density d_I = d_J,0.02,25,0.1,0.02,0.02,2,Both sides search,47,1.88,9.399999999999995,9.399999999999995,1.0,0.0,1.0,0.1477999976486899,Both sides search,False,0.4,0.0,39.0,14.0,8.0,,
care,Care.com / childcare,care_d_0.02,d_I=d_J=0.02,True,common density d_I = d_J,0.02,25,0.1,0.02,0.02,2,Centralized matching,625,25.0,1.0,9.399999999999995,0.10638297872340431,0.8936170212765957,0.04,0.545599999895785,Both sides search,False,,,,,,25.0,1.0
care,Care.com / childcare,care_d_0.05,d_I=d_J=0.05,False,common density d_I = d_J,0.05,25,0.1,0.05,0.05,2,Customers search,291,11.64,13.399999999999991,13.399999999999991,1.0,0.0,1.0,0.9391999992658384,Both sides search,False,,253.0,38.0,13.0,,,
care,Care.com / childcare,care_d_0.05,d_I=d_J=0.05,False,common density d_I = d_J,0.05,25,0.1,0.05,0.05,2,Providers search,304,12.16,13.399999999999991,13.399999999999991,1.0,0.0,1.0,0.9120000031543896,Both sides search,False,,264.0,40.0,15.0,,,
care,Care.com / childcare,care_d_0.05,d_I=d_J=0.05,False,common density d_I = d_J,0.05,25,0.1,0.05,0.05,2,Both sides search,71,2.84,13.399999999999991,13.399999999999991,1.0,0.0,1.0,0.17289999959757552,Both sides search,False,0.4,0.0,47.0,22.0,24.0,,
care,Care.com / childcare,care_d_0.05,d_I=d_J=0.05,False,common density d_I = d_J,0.05,25,0.1,0.05,0.05,2,Centralized matching,625,25.0,1.0,13.399999999999991,0.07462686567164184,0.9253731343283582,0.04,0.36139999428996816,Both sides search,False,,,,,,25.0,1.0
care,Care.com / childcare,care_d_0.10,d_I=d_J=0.10,False,common density d_I = d_J,0.1,25,0.1,0.1,0.1,2,Customers search,245,9.8,16.199999999999996,16.599999999999994,0.9759036144578314,0.02409638554216864,1.0,0.7225000008475035,Both sides search,False,,186.0,59.0,34.0,,,
care,Care.com / childcare,care_d_0.10,d_I=d_J=0.10,False,common density d_I = d_J,0.1,25,0.1,0.1,0.1,2,Providers search,239,9.56,16.599999999999994,16.599999999999994,1.0,0.0,1.0,0.7120999944163486,Both sides search,False,,186.0,53.0,28.0,,,
care,Care.com / childcare,care_d_0.10,d_I=d_J=0.10,False,common density d_I = d_J,0.1,25,0.1,0.1,0.1,2,Both sides search,97,3.88,16.599999999999994,16.599999999999994,1.0,0.0,1.0,0.17559999832883477,Both sides search,False,0.4,0.0,47.0,22.0,50.0,,
care,Care.com / childcare,care_d_0.10,d_I=d_J=0.10,False,common density d_I = d_J,0.1,25,0.1,0.1,0.1,2,Centralized matching,625,25.0,5.0,16.599999999999994,0.3012048192771085,0.6987951807228915,0.2,0.3527999942889437,Both sides search,False,,,,,,25.0,5.0
care,Care.com / childcare,care_d_0.20,d_I=d_J=0.20,False,common density d_I = d_J,0.2,25,0.1,0.2,0.2,2,Customers search,132,5.28,20.6,20.6,1.0,0.0,1.0,0.3862000012304634,Both sides search,False,,90.0,42.0,17.0,,,
care,Care.com / childcare,care_d_0.20,d_I=d_J=0.20,False,common density d_I = d_J,0.2,25,0.1,0.2,0.2,2,Providers search,171,6.84,20.6,20.6,1.0,0.0,1.0,0.5552000002353452,Both sides search,False,,92.0,79.0,54.0,,,
care,Care.com / childcare,care_d_0.20,d_I=d_J=0.20,False,common density d_I = d_J,0.2,25,0.1,0.2,0.2,2,Both sides search,158,6.32,20.6,20.6,1.0,0.0,1.0,0.20739999308716506,Both sides search,False,0.4,0.0,56.0,31.0,102.0,,
care,Care.com / childcare,care_d_0.20,d_I=d_J=0.20,False,common density d_I = d_J,0.2,25,0.1,0.2,0.2,2,Centralized matching,625,25.0,15.0,20.6,0.7281553398058251,0.27184466019417486,0.6,0.36890000046696514,Both sides search,False,,,,,,25.0,23.0
care,Care.com / childcare,care_d_0.40,d_I=d_J=0.40,False,common density d_I = d_J,0.4,25,0.1,0.4,0.4,2,Customers search,65,2.6,25.0,25.0,1.0,0.0,1.0,0.21079999714856967,Both sides search,False,,32.0,33.0,8.0,,,
care,Care.com / childcare,care_d_0.40,d_I=d_J=0.40,False,common density d_I = d_J,0.4,25,0.1,0.4,0.4,2,Providers search,82,3.28,25.0,25.0,1.0,0.0,1.0,0.26420000358484685,Both sides search,False,,46.0,36.0,11.0,,,
care,Care.com / childcare,care_d_0.40,d_I=d_J=0.40,False,common density d_I = d_J,0.4,25,0.1,0.4,0.4,2,Both sides search,270,10.8,25.0,25.0,1.0,0.0,1.0,0.1322999960393645,Both sides search,False,0.4,0.0,33.0,8.0,237.0,,
care,Care.com / childcare,care_d_0.40,d_I=d_J=0.40,False,common density d_I = d_J,0.4,25,0.1,0.4,0.4,2,Centralized matching,625,25.0,25.0,25.0,1.0,0.0,1.0,0.37200000224402174,Both sides search,False,,,,,,25.0,97.0
care,Care.com / childcare,care_d_0.02,d_I=d_J=0.02,True,common density d_I = d_J,0.02,25,0.1,0.02,0.02,3,Customers search,415,16.6,10.999999999999996,10.999999999999996,1.0,0.0,1.0,1.1814000026788563,Both sides search,False,,379.0,36.0,11.0,,,
care,Care.com / childcare,care_d_0.02,d_I=d_J=0.02,True,common density d_I = d_J,0.02,25,0.1,0.02,0.02,3,Providers search,388,15.52,10.999999999999996,10.999999999999996,1.0,0.0,1.0,1.1444999981904402,Both sides search,False,,354.0,34.0,9.0,,,
care,Care.com / childcare,care_d_0.02,d_I=d_J=0.02,True,common density d_I = d_J,0.02,25,0.1,0.02,0.02,3,Both sides search,73,2.92,10.999999999999996,10.999999999999996,1.0,0.0,1.0,0.19830000383080915,Both sides search,False,0.4,0.0,55.0,30.0,18.0,,
care,Care.com / childcare,care_d_0.02,d_I=d_J=0.02,True,common density d_I = d_J,0.02,25,0.1,0.02,0.02,3,Centralized matching,625,25.0,0.0,10.999999999999996,0.0,1.0,0.0,0.3609000050346367,Both sides search,False,,,,,,25.0,0.0
care,Care.com / childcare,care_d_0.05,d_I=d_J=0.05,False,common density d_I = d_J,0.05,25,0.1,0.05,0.05,3,Customers search,244,9.76,14.199999999999994,14.199999999999994,1.0,0.0,1.0,0.705700003891252,Both sides search,False,,208.0,36.0,11.0,,,
care,Care.com / childcare,care_d_0.05,d_I=d_J=0.05,False,common density d_I = d_J,0.05,25,0.1,0.05,0.05,3,Providers search,376,15.04,14.199999999999994,14.199999999999994,1.0,0.0,1.0,1.1339000047883019,Both sides search,False,,308.0,68.0,43.0,,,
care,Care.com / childcare,care_d_0.05,d_I=d_J=0.05,False,common density d_I = d_J,0.05,25,0.1,0.05,0.05,3,Both sides search,86,3.44,14.199999999999994,14.199999999999994,1.0,0.0,1.0,0.19109999993816018,Both sides search,False,0.4,0.0,52.0,27.0,34.0,,
care,Care.com / childcare,care_d_0.05,d_I=d_J=0.05,False,common density d_I = d_J,0.05,25,0.1,0.05,0.05,3,Centralized matching,625,25.0,1.0,14.199999999999994,0.07042253521126764,0.9295774647887324,0.04,0.3536999938660301,Both sides search,False,,,,,,25.0,1.0
care,Care.com / childcare,care_d_0.10,d_I=d_J=0.10,False,common density d_I = d_J,0.1,25,0.1,0.1,0.1,3,Customers search,236,9.44,15.799999999999994,15.799999999999994,1.0,0.0,1.0,0.6963999985600822,Both sides search,False,,175.0,61.0,36.0,,,
care,Care.com / childcare,care_d_0.10,d_I=d_J=0.10,False,common density d_I = d_J,0.1,25,0.1,0.1,0.1,3,Providers search,140,5.6,15.799999999999995,15.799999999999994,1.0000000000000002,-2.220446049250313e-16,1.0,0.4321000014897436,Both sides search,False,,107.0,33.0,8.0,,,
care,Care.com / childcare,care_d_0.10,d_I=d_J=0.10,False,common density d_I = d_J,0.1,25,0.1,0.1,0.1,3,Both sides search,165,6.6,15.799999999999995,15.799999999999994,1.0000000000000002,-2.220446049250313e-16,1.0,0.3400999994482845,Both sides search,False,0.4,0.0,98.0,73.0,67.0,,
care,Care.com / childcare,care_d_0.10,d_I=d_J=0.10,False,common density d_I = d_J,0.1,25,0.1,0.1,0.1,3,Centralized matching,625,25.0,3.0,15.799999999999994,0.18987341772151906,0.8101265822784809,0.12,0.35770000249613076,Both sides search,False,,,,,,25.0,3.0
care,Care.com / childcare,care_d_0.20,d_I=d_J=0.20,False,common density d_I = d_J,0.2,25,0.1,0.2,0.2,3,Customers search,165,6.6,20.600000000000005,20.6,1.0000000000000002,-2.220446049250313e-16,1.0,0.5980999994790182,Both sides search,False,,100.0,65.0,40.0,,,
care,Care.com / childcare,care_d_0.20,d_I=d_J=0.20,False,common density d_I = d_J,0.2,25,0.1,0.2,0.2,3,Providers search,198,7.92,20.60000000000001,20.6,1.0000000000000004,-4.440892098500626e-16,1.0,0.6310000026132911,Both sides search,False,,117.0,81.0,56.0,,,
care,Care.com / childcare,care_d_0.20,d_I=d_J=0.20,False,common density d_I = d_J,0.2,25,0.1,0.2,0.2,3,Both sides search,179,7.16,20.60000000000001,20.6,1.0000000000000004,-4.440892098500626e-16,1.0,0.20209999638609588,Both sides search,False,0.4,0.0,54.0,29.0,125.0,,
care,Care.com / childcare,care_d_0.20,d_I=d_J=0.20,False,common density d_I = d_J,0.2,25,0.1,0.2,0.2,3,Centralized matching,625,25.0,14.0,20.6,0.6796116504854368,0.3203883495145632,0.56,0.43559999903663993,Both sides search,False,,,,,,25.0,30.0
care,Care.com / childcare,care_d_0.40,d_I=d_J=0.40,False,common density d_I = d_J,0.4,25,0.1,0.4,0.4,3,Customers search,110,4.4,25.0,25.0,1.0,0.0,1.0,0.3484999979264103,Both sides search,False,,55.0,55.0,30.0,,,
care,Care.com / childcare,care_d_0.40,d_I=d_J=0.40,False,common density d_I = d_J,0.4,25,0.1,0.4,0.4,3,Providers search,69,2.76,25.0,25.0,1.0,0.0,1.0,0.22670000180369243,Both sides search,False,,37.0,32.0,7.0,,,
care,Care.com / childcare,care_d_0.40,d_I=d_J=0.40,False,common density d_I = d_J,0.4,25,0.1,0.4,0.4,3,Both sides search,320,12.8,25.0,25.0,1.0,0.0,1.0,0.20200000290060416,Both sides search,False,0.4,0.0,55.0,30.0,265.0,,
care,Care.com / childcare,care_d_0.40,d_I=d_J=0.40,False,common density d_I = d_J,0.4,25,0.1,0.4,0.4,3,Centralized matching,625,25.0,25.0,25.0,1.0,0.0,1.0,0.43849999929079786,Both sides search,False,,,,,,25.0,119.0
care,Care.com / childcare,care_d_0.02,d_I=d_J=0.02,True,common density d_I = d_J,0.02,25,0.1,0.02,0.02,4,Customers search,489,19.56,10.199999999999998,10.199999999999998,1.0,0.0,1.0,1.4172000010148622,Both sides search,False,,445.0,44.0,19.0,,,
care,Care.com / childcare,care_d_0.02,d_I=d_J=0.02,True,common density d_I = d_J,0.02,25,0.1,0.02,0.02,4,Providers search,415,16.6,10.199999999999998,10.199999999999998,1.0,0.0,1.0,1.240400000824593,Both sides search,False,,381.0,34.0,9.0,,,
care,Care.com / childcare,care_d_0.02,d_I=d_J=0.02,True,common density d_I = d_J,0.02,25,0.1,0.02,0.02,4,Both sides search,58,2.32,10.199999999999998,10.199999999999998,1.0,0.0,1.0,0.18350000027567148,Both sides search,False,0.4,0.0,49.0,24.0,9.0,,
care,Care.com / childcare,care_d_0.02,d_I=d_J=0.02,True,common density d_I = d_J,0.02,25,0.1,0.02,0.02,4,Centralized matching,625,25.0,0.0,10.199999999999998,0.0,1.0,0.0,0.35660000139614567,Both sides search,False,,,,,,25.0,0.0
care,Care.com / childcare,care_d_0.05,d_I=d_J=0.05,False,common density d_I = d_J,0.05,25,0.1,0.05,0.05,4,Customers search,288,11.52,13.799999999999995,13.799999999999994,1.0000000000000002,-2.220446049250313e-16,1.0,0.88339999638265,Both sides search,False,,243.0,45.0,20.0,,,
care,Care.com / childcare,care_d_0.05,d_I=d_J=0.05,False,common density d_I = d_J,0.05,25,0.1,0.05,0.05,4,Providers search,364,14.56,13.799999999999994,13.799999999999994,1.0,0.0,1.0,1.207799999974668,Both sides search,False,,314.0,50.0,25.0,,,
care,Care.com / childcare,care_d_0.05,d_I=d_J=0.05,False,common density d_I = d_J,0.05,25,0.1,0.05,0.05,4,Both sides search,73,2.92,13.799999999999994,13.799999999999994,1.0,0.0,1.0,0.19690000044647604,Both sides search,False,0.4,0.0,52.0,27.0,21.0,,
care,Care.com / childcare,care_d_0.05,d_I=d_J=0.05,False,common density d_I = d_J,0.05,25,0.1,0.05,0.05,4,Centralized matching,625,25.0,2.0,13.799999999999994,0.14492753623188412,0.8550724637681159,0.08,0.4039999985252507,Both sides search,False,,,,,,25.0,2.0
care,Care.com / childcare,care_d_0.10,d_I=d_J=0.10,False,common density d_I = d_J,0.1,25,0.1,0.1,0.1,4,Customers search,171,6.84,16.999999999999996,16.999999999999996,1.0,0.0,1.0,0.5153999954927713,Both sides search,False,,123.0,48.0,23.0,,,
care,Care.com / childcare,care_d_0.10,d_I=d_J=0.10,False,common density d_I = d_J,0.1,25,0.1,0.1,0.1,4,Providers search,190,7.6,16.999999999999996,16.999999999999996,1.0,0.0,1.0,0.5816999982926063,Both sides search,False,,146.0,44.0,19.0,,,
care,Care.com / childcare,care_d_0.10,d_I=d_J=0.10,False,common density d_I = d_J,0.1,25,0.1,0.1,0.1,4,Both sides search,143,5.72,16.999999999999996,16.999999999999996,1.0,0.0,1.0,0.2913999996962957,Both sides search,False,0.4,0.0,83.0,58.0,60.0,,
care,Care.com / childcare,care_d_0.10,d_I=d_J=0.10,False,common density d_I = d_J,0.1,25,0.1,0.1,0.1,4,Centralized matching,625,25.0,5.0,16.999999999999996,0.2941176470588236,0.7058823529411764,0.2,0.36869999894406646,Both sides search,False,,,,,,25.0,5.0
care,Care.com / childcare,care_d_0.20,d_I=d_J=0.20,False,common density d_I = d_J,0.2,25,0.1,0.2,0.2,4,Customers search,192,7.68,20.599999999999998,20.599999999999998,1.0,0.0,1.0,0.577899998461362,Both sides search,False,,126.0,66.0,41.0,,,
care,Care.com / childcare,care_d_0.20,d_I=d_J=0.20,False,common density d_I = d_J,0.2,25,0.1,0.2,0.2,4,Providers search,180,7.2,20.599999999999998,20.599999999999998,1.0,0.0,1.0,0.5546999964280985,Both sides search,False,,121.0,59.0,34.0,,,
care,Care.com / childcare,care_d_0.20,d_I=d_J=0.20,False,common density d_I = d_J,0.2,25,0.1,0.2,0.2,4,Both sides search,190,7.6,20.599999999999998,20.599999999999998,1.0,0.0,1.0,0.24850000045262277,Both sides search,False,0.4,0.0,70.0,45.0,120.0,,
care,Care.com / childcare,care_d_0.20,d_I=d_J=0.20,False,common density d_I = d_J,0.2,25,0.1,0.2,0.2,4,Centralized matching,625,25.0,14.0,20.599999999999998,0.6796116504854369,0.3203883495145631,0.56,0.3705000053741969,Both sides search,False,,,,,,25.0,20.0
care,Care.com / childcare,care_d_0.40,d_I=d_J=0.40,False,common density d_I = d_J,0.4,25,0.1,0.4,0.4,4,Customers search,100,4.0,24.6,24.6,1.0,0.0,1.0,0.3053999971598387,Both sides search,False,,68.0,32.0,7.0,,,
care,Care.com / childcare,care_d_0.40,d_I=d_J=0.40,False,common density d_I = d_J,0.4,25,0.1,0.4,0.4,4,Providers search,137,5.48,24.6,24.6,1.0,0.0,1.0,0.4363000043667853,Both sides search,False,,76.0,61.0,36.0,,,
care,Care.com / childcare,care_d_0.40,d_I=d_J=0.40,False,common density d_I = d_J,0.4,25,0.1,0.4,0.4,4,Both sides search,269,10.76,24.6,24.6,1.0,0.0,1.0,0.17010000010486692,Both sides search,False,0.4,0.0,44.0,19.0,225.0,,
care,Care.com / childcare,care_d_0.40,d_I=d_J=0.40,False,common density d_I = d_J,0.4,25,0.1,0.4,0.4,4,Centralized matching,625,25.0,24.0,24.6,0.975609756097561,0.024390243902439046,0.96,0.3648999991128221,Both sides search,False,,,,,,25.0,96.0
care,Care.com / childcare,care_d_0.02,d_I=d_J=0.02,True,common density d_I = d_J,0.02,25,0.1,0.02,0.02,5,Customers search,446,17.84,10.199999999999996,10.199999999999996,1.0,0.0,1.0,1.2650999997276813,Both sides search,False,,404.0,42.0,17.0,,,
care,Care.com / childcare,care_d_0.02,d_I=d_J=0.02,True,common density d_I = d_J,0.02,25,0.1,0.02,0.02,5,Providers search,424,16.96,10.199999999999994,10.199999999999996,0.9999999999999998,2.220446049250313e-16,1.0,1.3193000049795955,Both sides search,False,,394.0,30.0,5.0,,,
care,Care.com / childcare,care_d_0.02,d_I=d_J=0.02,True,common density d_I = d_J,0.02,25,0.1,0.02,0.02,5,Both sides search,65,2.6,10.199999999999994,10.199999999999996,0.9999999999999998,2.220446049250313e-16,1.0,0.19430000247666612,Both sides search,False,0.4,0.0,52.0,27.0,13.0,,
care,Care.com / childcare,care_d_0.02,d_I=d_J=0.02,True,common density d_I = d_J,0.02,25,0.1,0.02,0.02,5,Centralized matching,625,25.0,0.0,10.199999999999996,0.0,1.0,0.0,0.35930000012740493,Both sides search,False,,,,,,25.0,0.0
care,Care.com / childcare,care_d_0.05,d_I=d_J=0.05,False,common density d_I = d_J,0.05,25,0.1,0.05,0.05,5,Customers search,225,9.0,14.199999999999996,14.199999999999996,1.0,0.0,1.0,0.6453000023611821,Both sides search,False,,194.0,31.0,6.0,,,
care,Care.com / childcare,care_d_0.05,d_I=d_J=0.05,False,common density d_I = d_J,0.05,25,0.1,0.05,0.05,5,Providers search,364,14.56,14.199999999999996,14.199999999999996,1.0,0.0,1.0,1.0986999986926094,Both sides search,False,,303.0,61.0,36.0,,,
care,Care.com / childcare,care_d_0.05,d_I=d_J=0.05,False,common density d_I = d_J,0.05,25,0.1,0.05,0.05,5,Both sides search,64,2.56,14.199999999999996,14.199999999999996,1.0,0.0,1.0,0.13070000568404794,Both sides search,False,0.4,0.0,33.0,8.0,31.0,,
care,Care.com / childcare,care_d_0.05,d_I=d_J=0.05,False,common density d_I = d_J,0.05,25,0.1,0.05,0.05,5,Centralized matching,625,25.0,1.0,14.199999999999996,0.07042253521126762,0.9295774647887324,0.04,0.3538999953889288,Both sides search,False,,,,,,25.0,1.0
care,Care.com / childcare,care_d_0.10,d_I=d_J=0.10,False,common density d_I = d_J,0.1,25,0.1,0.1,0.1,5,Customers search,204,8.16,16.599999999999994,16.999999999999996,0.976470588235294,0.02352941176470602,1.0,0.6084999986342154,Both sides search,False,,154.0,50.0,25.0,,,
care,Care.com / childcare,care_d_0.10,d_I=d_J=0.10,False,common density d_I = d_J,0.1,25,0.1,0.1,0.1,5,Providers search,165,6.6,16.999999999999996,16.999999999999996,1.0,0.0,1.0,0.5095000014989637,Both sides search,False,,124.0,41.0,16.0,,,
care,Care.com / childcare,care_d_0.10,d_I=d_J=0.10,False,common density d_I = d_J,0.1,25,0.1,0.1,0.1,5,Both sides search,127,5.08,16.999999999999996,16.999999999999996,1.0,0.0,1.0,0.22519999765791,Both sides search,False,0.4,0.0,63.0,38.0,64.0,,
care,Care.com / childcare,care_d_0.10,d_I=d_J=0.10,False,common density d_I = d_J,0.1,25,0.1,0.1,0.1,5,Centralized matching,625,25.0,6.0,16.999999999999996,0.3529411764705883,0.6470588235294117,0.24,0.35680000291904435,Both sides search,False,,,,,,25.0,7.0
care,Care.com / childcare,care_d_0.20,d_I=d_J=0.20,False,common density d_I = d_J,0.2,25,0.1,0.2,0.2,5,Customers search,131,5.24,19.4,19.4,1.0,0.0,1.0,0.39590000233147293,Both sides search,False,,87.0,44.0,19.0,,,
care,Care.com / childcare,care_d_0.20,d_I=d_J=0.20,False,common density d_I = d_J,0.2,25,0.1,0.2,0.2,5,Providers search,150,6.0,19.4,19.4,1.0,0.0,1.0,0.4642999992938712,Both sides search,False,,105.0,45.0,20.0,,,
care,Care.com / childcare,care_d_0.20,d_I=d_J=0.20,False,common density d_I = d_J,0.2,25,0.1,0.2,0.2,5,Both sides search,170,6.8,19.4,19.4,1.0,0.0,1.0,0.12910000077681616,Both sides search,False,0.4,0.0,32.0,7.0,138.0,,
care,Care.com / childcare,care_d_0.20,d_I=d_J=0.20,False,common density d_I = d_J,0.2,25,0.1,0.2,0.2,5,Centralized matching,625,25.0,11.0,19.4,0.5670103092783506,0.4329896907216494,0.44,0.36099999852012843,Both sides search,False,,,,,,25.0,21.0
care,Care.com / childcare,care_d_0.40,d_I=d_J=0.40,False,common density d_I = d_J,0.4,25,0.1,0.4,0.4,5,Customers search,79,3.16,24.6,24.6,1.0,0.0,1.0,0.24989999656099826,Both sides search,False,,43.0,36.0,11.0,,,
care,Care.com / childcare,care_d_0.40,d_I=d_J=0.40,False,common density d_I = d_J,0.4,25,0.1,0.4,0.4,5,Providers search,160,6.4,24.6,24.6,1.0,0.0,1.0,0.5219000013312325,Both sides search,False,,83.0,77.0,52.0,,,
care,Care.com / childcare,care_d_0.40,d_I=d_J=0.40,False,common density d_I = d_J,0.4,25,0.1,0.4,0.4,5,Both sides search,296,11.84,24.6,24.6,1.0,0.0,1.0,0.12889999925391749,Both sides search,False,0.4,0.0,31.0,6.0,265.0,,
care,Care.com / childcare,care_d_0.40,d_I=d_J=0.40,False,common density d_I = d_J,0.4,25,0.1,0.4,0.4,5,Centralized matching,625,25.0,24.0,24.6,0.975609756097561,0.024390243902439046,0.96,0.37169999995967373,Both sides search,False,,,,,,25.0,110.0
care,Care.com / childcare,care_d_0.02,d_I=d_J=0.02,True,common density d_I = d_J,0.02,25,0.1,0.02,0.02,6,Customers search,367,14.68,10.599999999999996,10.599999999999996,1.0,0.0,1.0,1.0436000011395663,Both sides search,False,,335.0,32.0,7.0,,,
care,Care.com / childcare,care_d_0.02,d_I=d_J=0.02,True,common density d_I = d_J,0.02,25,0.1,0.02,0.02,6,Providers search,476,19.04,10.599999999999996,10.599999999999996,1.0,0.0,1.0,1.4111999989836477,Both sides search,False,,439.0,37.0,12.0,,,
care,Care.com / childcare,care_d_0.02,d_I=d_J=0.02,True,common density d_I = d_J,0.02,25,0.1,0.02,0.02,6,Both sides search,43,1.72,10.599999999999996,10.599999999999996,1.0,0.0,1.0,0.13390000094659626,Both sides search,False,0.4,0.0,34.0,9.0,9.0,,
care,Care.com / childcare,care_d_0.02,d_I=d_J=0.02,True,common density d_I = d_J,0.02,25,0.1,0.02,0.02,6,Centralized matching,625,25.0,0.0,10.599999999999996,0.0,1.0,0.0,0.3536000003805384,Both sides search,False,,,,,,25.0,0.0
care,Care.com / childcare,care_d_0.05,d_I=d_J=0.05,False,common density d_I = d_J,0.05,25,0.1,0.05,0.05,6,Customers search,217,8.68,14.199999999999994,14.199999999999994,1.0,0.0,1.0,0.6348000024445355,Both sides search,False,,173.0,44.0,19.0,,,
care,Care.com / childcare,care_d_0.05,d_I=d_J=0.05,False,common density d_I = d_J,0.05,25,0.1,0.05,0.05,6,Providers search,294,11.76,14.199999999999994,14.199999999999994,1.0,0.0,1.0,0.8948999966378324,Both sides search,False,,248.0,46.0,21.0,,,
care,Care.com / childcare,care_d_0.05,d_I=d_J=0.05,False,common density d_I = d_J,0.05,25,0.1,0.05,0.05,6,Both sides search,82,3.28,14.199999999999994,14.199999999999994,1.0,0.0,1.0,0.2378999997745268,Both sides search,False,0.4,0.0,57.0,32.0,25.0,,
care,Care.com / childcare,care_d_0.05,d_I=d_J=0.05,False,common density d_I = d_J,0.05,25,0.1,0.05,0.05,6,Centralized matching,625,25.0,0.0,14.199999999999994,0.0,1.0,0.0,0.3556000010576099,Both sides search,False,,,,,,25.0,0.0
care,Care.com / childcare,care_d_0.10,d_I=d_J=0.10,False,common density d_I = d_J,0.1,25,0.1,0.1,0.1,6,Customers search,162,6.48,17.4,17.4,1.0,0.0,1.0,0.49109999963548034,Both sides search,False,,112.0,50.0,25.0,,,
care,Care.com / childcare,care_d_0.10,d_I=d_J=0.10,False,common density d_I = d_J,0.1,25,0.1,0.1,0.1,6,Providers search,245,9.8,16.999999999999996,17.4,0.9770114942528735,0.02298850574712652,1.0,0.7474999947589822,Both sides search,False,,185.0,60.0,35.0,,,
care,Care.com / childcare,care_d_0.10,d_I=d_J=0.10,False,common density d_I = d_J,0.1,25,0.1,0.1,0.1,6,Both sides search,110,4.4,17.4,17.4,1.0,0.0,1.0,0.1975999985006638,Both sides search,False,0.4,0.0,54.0,29.0,56.0,,
care,Care.com / childcare,care_d_0.10,d_I=d_J=0.10,False,common density d_I = d_J,0.1,25,0.1,0.1,0.1,6,Centralized matching,625,25.0,6.0,17.4,0.3448275862068966,0.6551724137931034,0.24,0.3566999948816374,Both sides search,False,,,,,,25.0,7.0
care,Care.com / childcare,care_d_0.20,d_I=d_J=0.20,False,common density d_I = d_J,0.2,25,0.1,0.2,0.2,6,Customers search,158,6.32,19.8,19.799999999999997,1.0000000000000002,-2.220446049250313e-16,1.0,0.4778000002261251,Both sides search,False,,108.0,50.0,25.0,,,
care,Care.com / childcare,care_d_0.20,d_I=d_J=0.20,False,common density d_I = d_J,0.2,25,0.1,0.2,0.2,6,Providers search,193,7.72,19.8,19.799999999999997,1.0000000000000002,-2.220446049250313e-16,1.0,0.6093999982113019,Both sides search,False,,126.0,67.0,42.0,,,
care,Care.com / childcare,care_d_0.20,d_I=d_J=0.20,False,common density d_I = d_J,0.2,25,0.1,0.2,0.2,6,Both sides search,184,7.36,19.799999999999997,19.799999999999997,1.0,0.0,1.0,0.24049999774433672,Both sides search,False,0.4,0.0,67.0,42.0,117.0,,
care,Care.com / childcare,care_d_0.20,d_I=d_J=0.20,False,common density d_I = d_J,0.2,25,0.1,0.2,0.2,6,Centralized matching,625,25.0,12.0,19.799999999999997,0.6060606060606062,0.3939393939393938,0.48,0.3552999987732619,Both sides search,False,,,,,,25.0,18.0
care,Care.com / childcare,care_d_0.40,d_I=d_J=0.40,False,common density d_I = d_J,0.4,25,0.1,0.4,0.4,6,Customers search,104,4.16,25.0,25.0,1.0,0.0,1.0,0.3166999958921224,Both sides search,False,,67.0,37.0,12.0,,,
care,Care.com / childcare,care_d_0.40,d_I=d_J=0.40,False,common density d_I = d_J,0.4,25,0.1,0.4,0.4,6,Providers search,118,4.72,25.0,25.0,1.0,0.0,1.0,0.3782999992836267,Both sides search,False,,63.0,55.0,30.0,,,
care,Care.com / childcare,care_d_0.40,d_I=d_J=0.40,False,common density d_I = d_J,0.4,25,0.1,0.4,0.4,6,Both sides search,264,10.56,25.0,25.0,1.0,0.0,1.0,0.14659999578725547,Both sides search,False,0.4,0.0,37.0,12.0,227.0,,
care,Care.com / childcare,care_d_0.40,d_I=d_J=0.40,False,common density d_I = d_J,0.4,25,0.1,0.4,0.4,6,Centralized matching,625,25.0,25.0,25.0,1.0,0.0,1.0,0.3710999953909777,Both sides search,False,,,,,,25.0,89.0
care,Care.com / childcare,care_d_0.02,d_I=d_J=0.02,True,common density d_I = d_J,0.02,25,0.1,0.02,0.02,7,Customers search,441,17.64,10.599999999999998,10.599999999999994,1.0000000000000004,-4.440892098500626e-16,1.0,1.2499000004027039,Both sides search,False,,397.0,44.0,19.0,,,
care,Care.com / childcare,care_d_0.02,d_I=d_J=0.02,True,common density d_I = d_J,0.02,25,0.1,0.02,0.02,7,Providers search,390,15.6,10.599999999999994,10.599999999999994,1.0,0.0,1.0,1.1444999981904402,Both sides search,False,,358.0,32.0,7.0,,,
care,Care.com / childcare,care_d_0.02,d_I=d_J=0.02,True,common density d_I = d_J,0.02,25,0.1,0.02,0.02,7,Both sides search,59,2.36,10.599999999999996,10.599999999999994,1.0000000000000002,-2.220446049250313e-16,1.0,0.1816000003600493,Both sides search,False,0.4,0.0,49.0,24.0,10.0,,
care,Care.com / childcare,care_d_0.02,d_I=d_J=0.02,True,common density d_I = d_J,0.02,25,0.1,0.02,0.02,7,Centralized matching,625,25.0,0.0,10.599999999999994,0.0,1.0,0.0,0.3542000049492344,Both sides search,False,,,,,,25.0,0.0
care,Care.com / childcare,care_d_0.05,d_I=d_J=0.05,False,common density d_I = d_J,0.05,25,0.1,0.05,0.05,7,Customers search,254,10.16,13.799999999999994,13.799999999999994,1.0,0.0,1.0,0.7403999989037402,Both sides search,False,,214.0,40.0,15.0,,,
care,Care.com / childcare,care_d_0.05,d_I=d_J=0.05,False,common density d_I = d_J,0.05,25,0.1,0.05,0.05,7,Providers search,364,14.56,13.799999999999995,13.799999999999994,1.0000000000000002,-2.220446049250313e-16,1.0,1.1120000053779222,Both sides search,False,,310.0,54.0,29.0,,,
care,Care.com / childcare,care_d_0.05,d_I=d_J=0.05,False,common density d_I = d_J,0.05,25,0.1,0.05,0.05,7,Both sides search,79,3.16,13.799999999999995,13.799999999999994,1.0000000000000002,-2.220446049250313e-16,1.0,0.19769999926211312,Both sides search,False,0.4,0.0,53.0,28.0,26.0,,
care,Care.com / childcare,care_d_0.05,d_I=d_J=0.05,False,common density d_I = d_J,0.05,25,0.1,0.05,0.05,7,Centralized matching,625,25.0,1.0,13.799999999999994,0.07246376811594206,0.927536231884058,0.04,0.3623000011430122,Both sides search,False,,,,,,25.0,1.0
care,Care.com / childcare,care_d_0.10,d_I=d_J=0.10,False,common density d_I = d_J,0.1,25,0.1,0.1,0.1,7,Customers search,117,4.68,16.599999999999994,16.599999999999994,1.0,0.0,1.0,0.35370000114198774,Both sides search,False,,79.0,38.0,13.0,,,
care,Care.com / childcare,care_d_0.10,d_I=d_J=0.10,False,common density d_I = d_J,0.1,25,0.1,0.1,0.1,7,Providers search,222,8.88,16.599999999999994,16.599999999999994,1.0,0.0,1.0,0.6834999949205667,Both sides search,False,,160.0,62.0,37.0,,,
care,Care.com / childcare,care_d_0.10,d_I=d_J=0.10,False,common density d_I = d_J,0.1,25,0.1,0.1,0.1,7,Both sides search,112,4.48,16.599999999999994,16.599999999999994,1.0,0.0,1.0,0.18819999968400225,Both sides search,False,0.4,0.0,51.0,26.0,61.0,,
care,Care.com / childcare,care_d_0.10,d_I=d_J=0.10,False,common density d_I = d_J,0.1,25,0.1,0.1,0.1,7,Centralized matching,625,25.0,4.0,16.599999999999994,0.24096385542168683,0.7590361445783131,0.16,0.3552999987732619,Both sides search,False,,,,,,25.0,5.0
care,Care.com / childcare,care_d_0.20,d_I=d_J=0.20,False,common density d_I = d_J,0.2,25,0.1,0.2,0.2,7,Customers search,118,4.72,21.4,21.4,1.0,0.0,1.0,0.3645999968284741,Both sides search,False,,77.0,41.0,16.0,,,
care,Care.com / childcare,care_d_0.20,d_I=d_J=0.20,False,common density d_I = d_J,0.2,25,0.1,0.2,0.2,7,Providers search,120,4.8,21.4,21.4,1.0,0.0,1.0,0.38350000249920413,Both sides search,False,,77.0,43.0,18.0,,,
care,Care.com / childcare,care_d_0.20,d_I=d_J=0.20,False,common density d_I = d_J,0.2,25,0.1,0.2,0.2,7,Both sides search,183,7.32,21.4,21.4,1.0,0.0,1.0,0.18960000306833535,Both sides search,False,0.4,0.0,50.0,25.0,133.0,,
care,Care.com / childcare,care_d_0.20,d_I=d_J=0.20,False,common density d_I = d_J,0.2,25,0.1,0.2,0.2,7,Centralized matching,625,25.0,16.0,21.4,0.7476635514018692,0.25233644859813076,0.64,0.370699999621138,Both sides search,False,,,,,,25.0,32.0
care,Care.com / childcare,care_d_0.40,d_I=d_J=0.40,False,common density d_I = d_J,0.4,25,0.1,0.4,0.4,7,Customers search,67,2.68,25.0,25.0,1.0,0.0,1.0,0.21500000002561137,Both sides search,False,,39.0,28.0,3.0,,,
care,Care.com / childcare,care_d_0.40,d_I=d_J=0.40,False,common density d_I = d_J,0.4,25,0.1,0.4,0.4,7,Providers search,86,3.44,25.0,25.0,1.0,0.0,1.0,0.2858000007108785,Both sides search,False,,49.0,37.0,12.0,,,
care,Care.com / childcare,care_d_0.40,d_I=d_J=0.40,False,common density d_I = d_J,0.4,25,0.1,0.4,0.4,7,Both sides search,294,11.76,25.0,25.0,1.0,0.0,1.0,0.11750000703614205,Both sides search,False,0.4,0.0,28.0,3.0,266.0,,
care,Care.com / childcare,care_d_0.40,d_I=d_J=0.40,False,common density d_I = d_J,0.4,25,0.1,0.4,0.4,7,Centralized matching,625,25.0,25.0,25.0,1.0,0.0,1.0,0.3664999967440963,Both sides search,False,,,,,,25.0,106.0
care,Care.com / childcare,care_d_0.02,d_I=d_J=0.02,True,common density d_I = d_J,0.02,25,0.1,0.02,0.02,8,Customers search,379,15.16,10.999999999999995,10.999999999999996,0.9999999999999999,1.1102230246251565e-16,1.0,1.0817000002134591,Both sides search,False,,341.0,38.0,13.0,,,
care,Care.com / childcare,care_d_0.02,d_I=d_J=0.02,True,common density d_I = d_J,0.02,25,0.1,0.02,0.02,8,Providers search,417,16.68,10.999999999999995,10.999999999999996,0.9999999999999999,1.1102230246251565e-16,1.0,1.2357000014162622,Both sides search,False,,378.0,39.0,14.0,,,
care,Care.com / childcare,care_d_0.02,d_I=d_J=0.02,True,common density d_I = d_J,0.02,25,0.1,0.02,0.02,8,Both sides search,54,2.16,10.999999999999995,10.999999999999996,0.9999999999999999,1.1102230246251565e-16,1.0,0.15590000111842528,Both sides search,False,0.4,0.0,41.0,16.0,13.0,,
care,Care.com / childcare,care_d_0.02,d_I=d_J=0.02,True,common density d_I = d_J,0.02,25,0.1,0.02,0.02,8,Centralized matching,625,25.0,0.0,10.999999999999996,0.0,1.0,0.0,0.35290000232635066,Both sides search,False,,,,,,25.0,0.0
care,Care.com / childcare,care_d_0.05,d_I=d_J=0.05,False,common density d_I = d_J,0.05,25,0.1,0.05,0.05,8,Customers search,213,8.52,14.599999999999994,14.599999999999994,1.0,0.0,1.0,0.6370999981299974,Both sides search,False,,168.0,45.0,20.0,,,
care,Care.com / childcare,care_d_0.05,d_I=d_J=0.05,False,common density d_I = d_J,0.05,25,0.1,0.05,0.05,8,Providers search,329,13.16,14.599999999999994,14.599999999999994,1.0,0.0,1.0,0.9957000002032146,Both sides search,False,,264.0,65.0,40.0,,,
care,Care.com / childcare,care_d_0.05,d_I=d_J=0.05,False,common density d_I = d_J,0.05,25,0.1,0.05,0.05,8,Both sides search,73,2.92,14.599999999999994,14.599999999999994,1.0,0.0,1.0,0.1564999984111637,Both sides search,False,0.4,0.0,41.0,16.0,32.0,,
care,Care.com / childcare,care_d_0.05,d_I=d_J=0.05,False,common density d_I = d_J,0.05,25,0.1,0.05,0.05,8,Centralized matching,625,25.0,0.0,14.599999999999994,0.0,1.0,0.0,0.35209999623475596,Both sides search,False,,,,,,25.0,0.0
care,Care.com / childcare,care_d_0.10,d_I=d_J=0.10,False,common density d_I = d_J,0.1,25,0.1,0.1,0.1,8,Customers search,177,7.08,16.999999999999996,16.999999999999996,1.0,0.0,1.0,0.5422999965958297,Both sides search,False,,129.0,48.0,23.0,,,
care,Care.com / childcare,care_d_0.10,d_I=d_J=0.10,False,common density d_I = d_J,0.1,25,0.1,0.1,0.1,8,Providers search,158,6.32,16.999999999999996,16.999999999999996,1.0,0.0,1.0,0.5105000018374994,Both sides search,False,,109.0,49.0,24.0,,,
care,Care.com / childcare,care_d_0.10,d_I=d_J=0.10,False,common density d_I = d_J,0.1,25,0.1,0.1,0.1,8,Both sides search,104,4.16,16.999999999999996,16.999999999999996,1.0,0.0,1.0,0.1706000039121136,Both sides search,False,0.4,0.0,45.0,20.0,59.0,,
care,Care.com / childcare,care_d_0.10,d_I=d_J=0.10,False,common density d_I = d_J,0.1,25,0.1,0.1,0.1,8,Centralized matching,625,25.0,5.0,16.999999999999996,0.2941176470588236,0.7058823529411764,0.2,0.3558999960660003,Both sides search,False,,,,,,25.0,7.0
care,Care.com / childcare,care_d_0.20,d_I=d_J=0.20,False,common density d_I = d_J,0.2,25,0.1,0.2,0.2,8,Customers search,115,4.6,20.6,20.6,1.0,0.0,1.0,0.35010000283364207,Both sides search,False,,74.0,41.0,16.0,,,
care,Care.com / childcare,care_d_0.20,d_I=d_J=0.20,False,common density d_I = d_J,0.2,25,0.1,0.2,0.2,8,Providers search,113,4.52,20.6,20.6,1.0,0.0,1.0,0.35599999682744965,Both sides search,False,,71.0,42.0,17.0,,,
care,Care.com / childcare,care_d_0.20,d_I=d_J=0.20,False,common density d_I = d_J,0.2,25,0.1,0.2,0.2,8,Both sides search,179,7.16,20.6,20.6,1.0,0.0,1.0,0.20089999452466145,Both sides search,False,0.4,0.0,55.0,30.0,124.0,,
care,Care.com / childcare,care_d_0.20,d_I=d_J=0.20,False,common density d_I = d_J,0.2,25,0.1,0.2,0.2,8,Centralized matching,625,25.0,14.0,20.6,0.6796116504854368,0.3203883495145632,0.56,0.3862999947159551,Both sides search,False,,,,,,25.0,30.0
care,Care.com / childcare,care_d_0.40,d_I=d_J=0.40,False,common density d_I = d_J,0.4,25,0.1,0.4,0.4,8,Customers search,65,2.6,25.0,25.0,1.0,0.0,1.0,0.20930000027874485,Both sides search,False,,31.0,34.0,9.0,,,
care,Care.com / childcare,care_d_0.40,d_I=d_J=0.40,False,common density d_I = d_J,0.4,25,0.1,0.4,0.4,8,Providers search,50,2.0,25.0,25.0,1.0,0.0,1.0,0.1677999971434474,Both sides search,False,,22.0,28.0,3.0,,,
care,Care.com / childcare,care_d_0.40,d_I=d_J=0.40,False,common density d_I = d_J,0.4,25,0.1,0.4,0.4,8,Both sides search,280,11.2,25.0,25.0,1.0,0.0,1.0,0.13659999967785552,Both sides search,False,0.4,0.0,34.0,9.0,246.0,,
care,Care.com / childcare,care_d_0.40,d_I=d_J=0.40,False,common density d_I = d_J,0.4,25,0.1,0.4,0.4,8,Centralized matching,625,25.0,25.0,25.0,1.0,0.0,1.0,0.3712999969138764,Both sides search,False,,,,,,25.0,102.0
care,Care.com / childcare,care_d_0.02,d_I=d_J=0.02,True,common density d_I = d_J,0.02,25,0.1,0.02,0.02,9,Customers search,453,18.12,9.399999999999999,9.399999999999997,1.0000000000000002,-2.220446049250313e-16,1.0,1.2732999966829084,Both sides search,False,,419.0,34.0,9.0,,,
care,Care.com / childcare,care_d_0.02,d_I=d_J=0.02,True,common density d_I = d_J,0.02,25,0.1,0.02,0.02,9,Providers search,521,20.84,9.399999999999997,9.399999999999997,1.0,0.0,1.0,1.5397999959532171,Both sides search,False,,473.0,48.0,23.0,,,
care,Care.com / childcare,care_d_0.02,d_I=d_J=0.02,True,common density d_I = d_J,0.02,25,0.1,0.02,0.02,9,Both sides search,49,1.96,9.399999999999997,9.399999999999997,1.0,0.0,1.0,0.14319999900180846,Both sides search,False,0.4,0.0,37.0,12.0,12.0,,
care,Care.com / childcare,care_d_0.02,d_I=d_J=0.02,True,common density d_I = d_J,0.02,25,0.1,0.02,0.02,9,Centralized matching,625,25.0,0.0,9.399999999999997,0.0,1.0,0.0,0.35170000046491623,Both sides search,False,,,,,,25.0,0.0
care,Care.com / childcare,care_d_0.05,d_I=d_J=0.05,False,common density d_I = d_J,0.05,25,0.1,0.05,0.05,9,Customers search,241,9.64,13.799999999999995,13.799999999999995,1.0,0.0,1.0,0.7121000016923063,Both sides search,False,,200.0,41.0,16.0,,,
care,Care.com / childcare,care_d_0.05,d_I=d_J=0.05,False,common density d_I = d_J,0.05,25,0.1,0.05,0.05,9,Providers search,343,13.72,13.799999999999995,13.799999999999995,1.0,0.0,1.0,1.0595999992801808,Both sides search,False,,287.0,56.0,31.0,,,
care,Care.com / childcare,care_d_0.05,d_I=d_J=0.05,False,common density d_I = d_J,0.05,25,0.1,0.05,0.05,9,Both sides search,69,2.76,13.799999999999995,13.799999999999995,1.0,0.0,1.0,0.1599000024725683,Both sides search,False,0.4,0.0,42.0,17.0,27.0,,
care,Care.com / childcare,care_d_0.05,d_I=d_J=0.05,False,common density d_I = d_J,0.05,25,0.1,0.05,0.05,9,Centralized matching,625,25.0,0.0,13.799999999999995,0.0,1.0,0.0,0.3510000024107285,Both sides search,False,,,,,,25.0,0.0
care,Care.com / childcare,care_d_0.10,d_I=d_J=0.10,False,common density d_I = d_J,0.1,25,0.1,0.1,0.1,9,Customers search,122,4.88,16.599999999999994,16.599999999999994,1.0,0.0,1.0,0.3724999987753108,Both sides search,False,,82.0,40.0,15.0,,,
care,Care.com / childcare,care_d_0.10,d_I=d_J=0.10,False,common density d_I = d_J,0.1,25,0.1,0.1,0.1,9,Providers search,94,3.76,16.599999999999994,16.599999999999994,1.0,0.0,1.0,0.29779999749735,Both sides search,False,,61.0,33.0,8.0,,,
care,Care.com / childcare,care_d_0.10,d_I=d_J=0.10,False,common density d_I = d_J,0.1,25,0.1,0.1,0.1,9,Both sides search,105,4.2,16.599999999999994,16.599999999999994,1.0,0.0,1.0,0.14730000111740083,Both sides search,False,0.4,0.0,38.0,13.0,67.0,,
care,Care.com / childcare,care_d_0.10,d_I=d_J=0.10,False,common density d_I = d_J,0.1,25,0.1,0.1,0.1,9,Centralized matching,625,25.0,4.0,16.599999999999994,0.24096385542168683,0.7590361445783131,0.16,0.35539999953471124,Both sides search,False,,,,,,25.0,5.0
care,Care.com / childcare,care_d_0.20,d_I=d_J=0.20,False,common density d_I = d_J,0.2,25,0.1,0.2,0.2,9,Customers search,127,5.08,19.800000000000004,19.8,1.0000000000000002,-2.220446049250313e-16,1.0,0.38299999869195744,Both sides search,False,,84.0,43.0,18.0,,,
care,Care.com / childcare,care_d_0.20,d_I=d_J=0.20,False,common density d_I = d_J,0.2,25,0.1,0.2,0.2,9,Providers search,228,9.12,19.8,19.8,1.0,0.0,1.0,0.7136999993235804,Both sides search,False,,141.0,87.0,62.0,,,
care,Care.com / childcare,care_d_0.20,d_I=d_J=0.20,False,common density d_I = d_J,0.2,25,0.1,0.2,0.2,9,Both sides search,168,6.72,19.8,19.8,1.0,0.0,1.0,0.18899999849963933,Both sides search,False,0.4,0.0,50.0,25.0,118.0,,
care,Care.com / childcare,care_d_0.20,d_I=d_J=0.20,False,common density d_I = d_J,0.2,25,0.1,0.2,0.2,9,Centralized matching,625,25.0,12.0,19.8,0.6060606060606061,0.3939393939393939,0.48,0.3757999947993085,Both sides search,False,,,,,,25.0,19.0
care,Care.com / childcare,care_d_0.40,d_I=d_J=0.40,False,common density d_I = d_J,0.4,25,0.1,0.4,0.4,9,Customers search,134,5.36,24.6,24.6,1.0,0.0,1.0,0.4098999997950159,Both sides search,False,,78.0,56.0,31.0,,,
care,Care.com / childcare,care_d_0.40,d_I=d_J=0.40,False,common density d_I = d_J,0.4,25,0.1,0.4,0.4,9,Providers search,136,5.44,24.6,24.6,1.0,0.0,1.0,0.436700000136625,Both sides search,False,,73.0,63.0,38.0,,,
care,Care.com / childcare,care_d_0.40,d_I=d_J=0.40,False,common density d_I = d_J,0.4,25,0.1,0.4,0.4,9,Both sides search,312,12.48,24.6,24.6,1.0,0.0,1.0,0.2613000033306889,Both sides search,False,0.4,0.0,73.0,48.0,239.0,,
care,Care.com / childcare,care_d_0.40,d_I=d_J=0.40,False,common density d_I = d_J,0.4,25,0.1,0.4,0.4,9,Centralized matching,625,25.0,24.0,24.6,0.975609756097561,0.024390243902439046,0.96,0.36839999665971845,Both sides search,False,,,,,,25.0,101.0
care,Care.com / childcare,care_d_0.02,d_I=d_J=0.02,True,common density d_I = d_J,0.02,50,0.1,0.02,0.02,0,Customers search,1436,28.72,24.400000000000006,24.800000000000004,0.9838709677419355,0.016129032258064502,1.0,4.088000001502223,Both sides search,False,,1337.0,99.0,49.0,,,
care,Care.com / childcare,care_d_0.02,d_I=d_J=0.02,True,common density d_I = d_J,0.02,50,0.1,0.02,0.02,0,Providers search,1370,27.4,24.800000000000004,24.800000000000004,1.0,0.0,1.0,4.156799994234461,Both sides search,False,,1272.0,98.0,48.0,,,
care,Care.com / childcare,care_d_0.02,d_I=d_J=0.02,True,common density d_I = d_J,0.02,50,0.1,0.02,0.02,0,Both sides search,155,3.1,24.800000000000004,24.800000000000004,1.0,0.0,1.0,0.37570000131381676,Both sides search,False,0.4,0.0,108.0,58.0,47.0,,
care,Care.com / childcare,care_d_0.02,d_I=d_J=0.02,True,common density d_I = d_J,0.02,50,0.1,0.02,0.02,0,Centralized matching,2500,50.0,0.0,24.800000000000004,0.0,1.0,0.0,0.7181000037235208,Both sides search,False,,,,,,50.0,0.0
care,Care.com / childcare,care_d_0.05,d_I=d_J=0.05,False,common density d_I = d_J,0.05,50,0.1,0.05,0.05,0,Customers search,514,10.28,31.20000000000002,31.20000000000002,1.0,0.0,1.0,1.4894999985699542,Both sides search,False,,421.0,93.0,43.0,,,
care,Care.com / childcare,care_d_0.05,d_I=d_J=0.05,False,common density d_I = d_J,0.05,50,0.1,0.05,0.05,0,Providers search,744,14.88,31.20000000000002,31.20000000000002,1.0,0.0,1.0,2.289700001711026,Both sides search,False,,619.0,125.0,75.0,,,
care,Care.com / childcare,care_d_0.05,d_I=d_J=0.05,False,common density d_I = d_J,0.05,50,0.1,0.05,0.05,0,Both sides search,274,5.48,31.20000000000002,31.20000000000002,1.0,0.0,1.0,0.5330000058165751,Both sides search,False,0.4,0.0,156.0,106.0,118.0,,
care,Care.com / childcare,care_d_0.05,d_I=d_J=0.05,False,common density d_I = d_J,0.05,50,0.1,0.05,0.05,0,Centralized matching,2500,50.0,4.0,31.20000000000002,0.1282051282051281,0.8717948717948719,0.08,0.7170000026235357,Both sides search,False,,,,,,50.0,4.0
care,Care.com / childcare,care_d_0.10,d_I=d_J=0.10,False,common density d_I = d_J,0.1,50,0.1,0.1,0.1,0,Customers search,286,5.72,36.40000000000002,36.40000000000002,1.0,0.0,1.0,0.855400001455564,Both sides search,False,,212.0,74.0,24.0,,,
care,Care.com / childcare,care_d_0.10,d_I=d_J=0.10,False,common density d_I = d_J,0.1,50,0.1,0.1,0.1,0,Providers search,316,6.32,36.40000000000002,36.40000000000002,1.0,0.0,1.0,0.9901999947032891,Both sides search,False,,227.0,89.0,39.0,,,
care,Care.com / childcare,care_d_0.10,d_I=d_J=0.10,False,common density d_I = d_J,0.1,50,0.1,0.1,0.1,0,Both sides search,324,6.48,36.40000000000003,36.40000000000002,1.0000000000000002,-2.220446049250313e-16,1.0,0.29960000392748043,Both sides search,False,0.4,0.0,82.0,32.0,242.0,,
care,Care.com / childcare,care_d_0.10,d_I=d_J=0.10,False,common density d_I = d_J,0.1,50,0.1,0.1,0.1,0,Centralized matching,2500,50.0,16.0,36.40000000000002,0.43956043956043933,0.5604395604395607,0.32,0.7187000010162592,Both sides search,False,,,,,,50.0,24.0
care,Care.com / childcare,care_d_0.20,d_I=d_J=0.20,False,common density d_I = d_J,0.2,50,0.1,0.2,0.2,0,Customers search,368,7.36,46.00000000000001,46.00000000000001,1.0,0.0,1.0,1.088299999537412,Both sides search,False,,254.0,114.0,64.0,,,
care,Care.com / childcare,care_d_0.20,d_I=d_J=0.20,False,common density d_I = d_J,0.2,50,0.1,0.2,0.2,0,Providers search,335,6.7,46.00000000000001,46.00000000000001,1.0,0.0,1.0,1.033500004268717,Both sides search,False,,231.0,104.0,54.0,,,
care,Care.com / childcare,care_d_0.20,d_I=d_J=0.20,False,common density d_I = d_J,0.2,50,0.1,0.2,0.2,0,Both sides search,639,12.78,46.00000000000001,46.00000000000001,1.0,0.0,1.0,0.5018000010750256,Both sides search,False,0.4,0.0,142.0,92.0,497.0,,
care,Care.com / childcare,care_d_0.20,d_I=d_J=0.20,False,common density d_I = d_J,0.2,50,0.1,0.2,0.2,0,Centralized matching,2500,50.0,40.0,46.00000000000001,0.8695652173913042,0.1304347826086958,0.8,0.7540000005974434,Both sides search,False,,,,,,50.0,107.0
care,Care.com / childcare,care_d_0.40,d_I=d_J=0.40,False,common density d_I = d_J,0.4,50,0.1,0.4,0.4,0,Customers search,128,2.56,50.0,50.0,1.0,0.0,1.0,0.39789999573258683,Both sides search,False,,71.0,57.0,7.0,,,
care,Care.com / childcare,care_d_0.40,d_I=d_J=0.40,False,common density d_I = d_J,0.4,50,0.1,0.4,0.4,0,Providers search,151,3.02,50.0,50.0,1.0,0.0,1.0,0.48860000242711976,Both sides search,False,,85.0,66.0,16.0,,,
care,Care.com / childcare,care_d_0.40,d_I=d_J=0.40,False,common density d_I = d_J,0.4,50,0.1,0.4,0.4,0,Both sides search,128,2.56,50.0,50.0,1.0,0.0,1.0,0.3978000022470951,Both sides search,False,0.0,71.0,57.0,7.0,0.0,,
care,Care.com / childcare,care_d_0.40,d_I=d_J=0.40,False,common density d_I = d_J,0.4,50,0.1,0.4,0.4,0,Centralized matching,2500,50.0,50.0,50.0,1.0,0.0,1.0,0.7485000023734756,Both sides search,False,,,,,,50.0,427.0
care,Care.com / childcare,care_d_0.02,d_I=d_J=0.02,True,common density d_I = d_J,0.02,50,0.1,0.02,0.02,1,Customers search,974,19.48,24.400000000000006,24.400000000000002,1.0000000000000002,-2.220446049250313e-16,1.0,2.7396000004955567,Both sides search,False,,911.0,63.0,13.0,,,
care,Care.com / childcare,care_d_0.02,d_I=d_J=0.02,True,common density d_I = d_J,0.02,50,0.1,0.02,0.02,1,Providers search,1675,33.5,24.400000000000002,24.400000000000002,1.0,0.0,1.0,5.0865000011981465,Both sides search,False,,1557.0,118.0,68.0,,,
care,Care.com / childcare,care_d_0.02,d_I=d_J=0.02,True,common density d_I = d_J,0.02,50,0.1,0.02,0.02,1,Both sides search,131,2.62,24.400000000000006,24.400000000000002,1.0000000000000002,-2.220446049250313e-16,1.0,0.31030000536702573,Both sides search,False,0.4,0.0,88.0,38.0,43.0,,
care,Care.com / childcare,care_d_0.02,d_I=d_J=0.02,True,common density d_I = d_J,0.02,50,0.1,0.02,0.02,1,Centralized matching,2500,50.0,0.0,24.400000000000002,0.0,1.0,0.0,0.7685000018682331,Both sides search,False,,,,,,50.0,0.0
care,Care.com / childcare,care_d_0.05,d_I=d_J=0.05,False,common density d_I = d_J,0.05,50,0.1,0.05,0.05,1,Customers search,796,15.92,30.800000000000022,31.200000000000024,0.9871794871794871,0.012820512820512886,1.0,2.313600001798477,Both sides search,False,,661.0,135.0,85.0,,,
care,Care.com / childcare,care_d_0.05,d_I=d_J=0.05,False,common density d_I = d_J,0.05,50,0.1,0.05,0.05,1,Providers search,712,14.24,31.200000000000024,31.200000000000024,1.0,0.0,1.0,2.2071999992476776,Both sides search,False,,620.0,92.0,42.0,,,
care,Care.com / childcare,care_d_0.05,d_I=d_J=0.05,False,common density d_I = d_J,0.05,50,0.1,0.05,0.05,1,Both sides search,265,5.3,31.200000000000024,31.200000000000024,1.0,0.0,1.0,0.5483999993884936,Both sides search,False,0.4,0.0,158.0,108.0,107.0,,
care,Care.com / childcare,care_d_0.05,d_I=d_J=0.05,False,common density d_I = d_J,0.05,50,0.1,0.05,0.05,1,Centralized matching,2500,50.0,4.0,31.200000000000024,0.1282051282051281,0.8717948717948719,0.08,0.7142000031308271,Both sides search,False,,,,,,50.0,5.0
care,Care.com / childcare,care_d_0.10,d_I=d_J=0.10,False,common density d_I = d_J,0.1,50,0.1,0.1,0.1,1,Customers search,426,8.52,37.60000000000002,38.00000000000002,0.9894736842105264,0.010526315789473606,1.0,1.2525999991339631,Both sides search,False,,299.0,127.0,77.0,,,
care,Care.com / childcare,care_d_0.10,d_I=d_J=0.10,False,common density d_I = d_J,0.1,50,0.1,0.1,0.1,1,Providers search,450,9.0,38.00000000000002,38.00000000000002,1.0,0.0,1.0,1.3956999973743223,Both sides search,False,,329.0,121.0,71.0,,,
care,Care.com / childcare,care_d_0.10,d_I=d_J=0.10,False,common density d_I = d_J,0.1,50,0.1,0.1,0.1,1,Both sides search,345,6.9,38.00000000000002,38.00000000000002,1.0,0.0,1.0,0.32980000105453655,Both sides search,False,0.4,0.0,92.0,42.0,253.0,,
care,Care.com / childcare,care_d_0.10,d_I=d_J=0.10,False,common density d_I = d_J,0.1,50,0.1,0.1,0.1,1,Centralized matching,2500,50.0,20.0,38.00000000000002,0.526315789473684,0.47368421052631604,0.4,0.7339000003412366,Both sides search,False,,,,,,50.0,29.0
care,Care.com / childcare,care_d_0.20,d_I=d_J=0.20,False,common density d_I = d_J,0.2,50,0.1,0.2,0.2,1,Customers search,392,7.84,45.60000000000001,46.00000000000001,0.991304347826087,0.008695652173912993,1.0,1.1725000003934838,Both sides search,False,,261.0,131.0,81.0,,,
care,Care.com / childcare,care_d_0.20,d_I=d_J=0.20,False,common density d_I = d_J,0.2,50,0.1,0.2,0.2,1,Providers search,401,8.02,46.00000000000001,46.00000000000001,1.0,0.0,1.0,1.2572000050568022,Both sides search,False,,276.0,125.0,75.0,,,
care,Care.com / childcare,care_d_0.20,d_I=d_J=0.20,False,common density d_I = d_J,0.2,50,0.1,0.2,0.2,1,Both sides search,590,11.8,46.00000000000001,46.00000000000001,1.0,0.0,1.0,0.3809000045293942,Both sides search,False,0.4,0.0,96.0,46.0,494.0,,
care,Care.com / childcare,care_d_0.20,d_I=d_J=0.20,False,common density d_I = d_J,0.2,50,0.1,0.2,0.2,1,Centralized matching,2500,50.0,40.0,46.00000000000001,0.8695652173913042,0.1304347826086958,0.8,0.7419000030495226,Both sides search,False,,,,,,50.0,101.0
care,Care.com / childcare,care_d_0.40,d_I=d_J=0.40,False,common density d_I = d_J,0.4,50,0.1,0.4,0.4,1,Customers search,125,2.5,50.0,50.0,1.0,0.0,1.0,0.39680000190855935,Both sides search,False,,65.0,60.0,10.0,,,
care,Care.com / childcare,care_d_0.40,d_I=d_J=0.40,False,common density d_I = d_J,0.4,50,0.1,0.4,0.4,1,Providers search,155,3.1,50.0,50.0,1.0,0.0,1.0,0.49500000022817403,Both sides search,False,,90.0,65.0,15.0,,,
care,Care.com / childcare,care_d_0.40,d_I=d_J=0.40,False,common density d_I = d_J,0.4,50,0.1,0.4,0.4,1,Both sides search,125,2.5,50.0,50.0,1.0,0.0,1.0,0.39619999733986333,Both sides search,False,0.0,65.0,60.0,10.0,0.0,,
care,Care.com / childcare,care_d_0.40,d_I=d_J=0.40,False,common density d_I = d_J,0.4,50,0.1,0.4,0.4,1,Centralized matching,2500,50.0,50.0,50.0,1.0,0.0,1.0,0.7460999986506067,Both sides search,False,,,,,,50.0,401.0
care,Care.com / childcare,care_d_0.02,d_I=d_J=0.02,True,common density d_I = d_J,0.02,50,0.1,0.02,0.02,2,Customers search,987,19.74,26.800000000000008,27.20000000000001,0.9852941176470588,0.014705882352941235,1.0,2.8191000019432977,Both sides search,False,,907.0,80.0,30.0,,,
care,Care.com / childcare,care_d_0.02,d_I=d_J=0.02,True,common density d_I = d_J,0.02,50,0.1,0.02,0.02,2,Providers search,1403,28.06,27.20000000000001,27.20000000000001,1.0,0.0,1.0,4.243099996529054,Both sides search,False,,1290.0,113.0,63.0,,,
care,Care.com / childcare,care_d_0.02,d_I=d_J=0.02,True,common density d_I = d_J,0.02,50,0.1,0.02,0.02,2,Both sides search,135,2.7,27.20000000000001,27.20000000000001,1.0,0.0,1.0,0.30049999622860923,Both sides search,False,0.4,0.0,85.0,35.0,50.0,,
care,Care.com / childcare,care_d_0.02,d_I=d_J=0.02,True,common density d_I = d_J,0.02,50,0.1,0.02,0.02,2,Centralized matching,2500,50.0,4.0,27.20000000000001,0.14705882352941171,0.8529411764705883,0.08,0.7117999994079582,Both sides search,False,,,,,,50.0,4.0
care,Care.com / childcare,care_d_0.05,d_I=d_J=0.05,False,common density d_I = d_J,0.05,50,0.1,0.05,0.05,2,Customers search,581,11.62,33.60000000000002,34.00000000000003,0.9882352941176469,0.011764705882353121,1.0,1.6926000025705434,Both sides search,False,,480.0,101.0,51.0,,,
care,Care.com / childcare,care_d_0.05,d_I=d_J=0.05,False,common density d_I = d_J,0.05,50,0.1,0.05,0.05,2,Providers search,790,15.8,34.00000000000003,34.00000000000003,1.0,0.0,1.0,2.5221999967470765,Both sides search,False,,679.0,111.0,61.0,,,
care,Care.com / childcare,care_d_0.05,d_I=d_J=0.05,False,common density d_I = d_J,0.05,50,0.1,0.05,0.05,2,Both sides search,256,5.12,34.00000000000003,34.00000000000003,1.0,0.0,1.0,0.9913000030792318,Both sides search,False,0.4,0.0,149.0,99.0,107.0,,
care,Care.com / childcare,care_d_0.05,d_I=d_J=0.05,False,common density d_I = d_J,0.05,50,0.1,0.05,0.05,2,Centralized matching,2500,50.0,11.0,34.00000000000003,0.3235294117647056,0.6764705882352944,0.22,0.7877000025473535,Both sides search,False,,,,,,50.0,14.0
care,Care.com / childcare,care_d_0.10,d_I=d_J=0.10,False,common density d_I = d_J,0.1,50,0.1,0.1,0.1,2,Customers search,260,5.2,38.800000000000026,38.800000000000026,1.0,0.0,1.0,0.7671999992453493,Both sides search,False,,194.0,66.0,16.0,,,
care,Care.com / childcare,care_d_0.10,d_I=d_J=0.10,False,common density d_I = d_J,0.1,50,0.1,0.1,0.1,2,Providers search,371,7.42,38.800000000000026,38.800000000000026,1.0,0.0,1.0,1.1664999983622693,Both sides search,False,,258.0,113.0,63.0,,,
care,Care.com / childcare,care_d_0.10,d_I=d_J=0.10,False,common density d_I = d_J,0.1,50,0.1,0.1,0.1,2,Both sides search,330,6.6,38.800000000000026,38.800000000000026,1.0,0.0,1.0,0.3507000001263805,Both sides search,False,0.4,0.0,98.0,48.0,232.0,,
care,Care.com / childcare,care_d_0.10,d_I=d_J=0.10,False,common density d_I = d_J,0.1,50,0.1,0.1,0.1,2,Centralized matching,2500,50.0,22.0,38.800000000000026,0.5670103092783502,0.43298969072164983,0.44,0.73079999856418,Both sides search,False,,,,,,50.0,33.0
care,Care.com / childcare,care_d_0.20,d_I=d_J=0.20,False,common density d_I = d_J,0.2,50,0.1,0.2,0.2,2,Customers search,436,8.72,44.000000000000014,44.000000000000014,1.0,0.0,1.0,1.2760000026901253,Both sides search,False,,323.0,113.0,63.0,,,
care,Care.com / childcare,care_d_0.20,d_I=d_J=0.20,False,common density d_I = d_J,0.2,50,0.1,0.2,0.2,2,Providers search,392,7.84,44.000000000000014,44.000000000000014,1.0,0.0,1.0,1.2098000006517395,Both sides search,False,,296.0,96.0,46.0,,,
care,Care.com / childcare,care_d_0.20,d_I=d_J=0.20,False,common density d_I = d_J,0.2,50,0.1,0.2,0.2,2,Both sides search,588,11.76,44.000000000000014,44.000000000000014,1.0,0.0,1.0,0.3423000016482547,Both sides search,False,0.4,0.0,91.0,41.0,497.0,,
care,Care.com / childcare,care_d_0.20,d_I=d_J=0.20,False,common density d_I = d_J,0.2,50,0.1,0.2,0.2,2,Centralized matching,2500,50.0,35.0,44.000000000000014,0.7954545454545452,0.2045454545454548,0.7,0.7593000045744702,Both sides search,False,,,,,,50.0,83.0
care,Care.com / childcare,care_d_0.40,d_I=d_J=0.40,False,common density d_I = d_J,0.4,50,0.1,0.4,0.4,2,Customers search,192,3.84,50.0,50.0,1.0,0.0,1.0,0.5922999989707023,Both sides search,False,,119.0,73.0,23.0,,,
care,Care.com / childcare,care_d_0.40,d_I=d_J=0.40,False,common density d_I = d_J,0.4,50,0.1,0.4,0.4,2,Providers search,156,3.12,50.0,50.0,1.0,0.0,1.0,0.49500000022817403,Both sides search,False,,98.0,58.0,8.0,,,
care,Care.com / childcare,care_d_0.40,d_I=d_J=0.40,False,common density d_I = d_J,0.4,50,0.1,0.4,0.4,2,Both sides search,192,3.84,50.0,50.0,1.0,0.0,1.0,0.5947000026935712,Both sides search,False,0.0,119.0,73.0,23.0,0.0,,
care,Care.com / childcare,care_d_0.40,d_I=d_J=0.40,False,common density d_I = d_J,0.4,50,0.1,0.4,0.4,2,Centralized matching,2500,50.0,50.0,50.0,1.0,0.0,1.0,0.7403999989037402,Both sides search,False,,,,,,50.0,385.0
care,Care.com / childcare,care_d_0.02,d_I=d_J=0.02,True,common density d_I = d_J,0.02,50,0.1,0.02,0.02,3,Customers search,1118,22.36,27.200000000000017,27.200000000000014,1.0000000000000002,-2.220446049250313e-16,1.0,3.1982000000425614,Both sides search,False,,1015.0,103.0,53.0,,,
care,Care.com / childcare,care_d_0.02,d_I=d_J=0.02,True,common density d_I = d_J,0.02,50,0.1,0.02,0.02,3,Providers search,1339,26.78,26.800000000000015,27.200000000000014,0.9852941176470589,0.014705882352941124,1.0,4.0716000003158115,Both sides search,False,,1231.0,108.0,58.0,,,
care,Care.com / childcare,care_d_0.02,d_I=d_J=0.02,True,common density d_I = d_J,0.02,50,0.1,0.02,0.02,3,Both sides search,168,3.36,27.200000000000017,27.200000000000014,1.0000000000000002,-2.220446049250313e-16,1.0,0.3978000022470951,Both sides search,False,0.4,0.0,116.0,66.0,52.0,,
care,Care.com / childcare,care_d_0.02,d_I=d_J=0.02,True,common density d_I = d_J,0.02,50,0.1,0.02,0.02,3,Centralized matching,2500,50.0,1.0,27.200000000000014,0.03676470588235292,0.9632352941176471,0.02,0.7102000017766841,Both sides search,False,,,,,,50.0,1.0
care,Care.com / childcare,care_d_0.05,d_I=d_J=0.05,False,common density d_I = d_J,0.05,50,0.1,0.05,0.05,3,Customers search,425,8.5,32.800000000000026,32.800000000000026,1.0,0.0,1.0,1.260699995327741,Both sides search,False,,304.0,121.0,71.0,,,
care,Care.com / childcare,care_d_0.05,d_I=d_J=0.05,False,common density d_I = d_J,0.05,50,0.1,0.05,0.05,3,Providers search,687,13.74,32.800000000000026,32.800000000000026,1.0,0.0,1.0,2.093399998557288,Both sides search,False,,535.0,152.0,102.0,,,
care,Care.com / childcare,care_d_0.05,d_I=d_J=0.05,False,common density d_I = d_J,0.05,50,0.1,0.05,0.05,3,Both sides search,246,4.92,32.800000000000026,32.800000000000026,1.0,0.0,1.0,0.3891000014846213,Both sides search,False,0.4,0.0,111.0,61.0,135.0,,
care,Care.com / childcare,care_d_0.05,d_I=d_J=0.05,False,common density d_I = d_J,0.05,50,0.1,0.05,0.05,3,Centralized matching,2500,50.0,7.0,32.800000000000026,0.2134146341463413,0.7865853658536587,0.14,0.7363999975495972,Both sides search,False,,,,,,50.0,10.0
care,Care.com / childcare,care_d_0.10,d_I=d_J=0.10,False,common density d_I = d_J,0.1,50,0.1,0.1,0.1,3,Customers search,308,6.16,38.80000000000001,38.80000000000001,1.0,0.0,1.0,0.9103000047616661,Both sides search,False,,221.0,87.0,37.0,,,
care,Care.com / childcare,care_d_0.10,d_I=d_J=0.10,False,common density d_I = d_J,0.1,50,0.1,0.1,0.1,3,Providers search,333,6.66,38.80000000000001,38.80000000000001,1.0,0.0,1.0,1.0442000057082623,Both sides search,False,,239.0,94.0,44.0,,,
care,Care.com / childcare,care_d_0.10,d_I=d_J=0.10,False,common density d_I = d_J,0.1,50,0.1,0.1,0.1,3,Both sides search,369,7.38,38.80000000000001,38.80000000000001,1.0,0.0,1.0,0.34869999944930896,Both sides search,False,0.4,0.0,98.0,48.0,271.0,,
care,Care.com / childcare,care_d_0.10,d_I=d_J=0.10,False,common density d_I = d_J,0.1,50,0.1,0.1,0.1,3,Centralized matching,2500,50.0,22.0,38.80000000000001,0.5670103092783504,0.4329896907216496,0.44,0.731100000848528,Both sides search,False,,,,,,50.0,33.0
care,Care.com / childcare,care_d_0.20,d_I=d_J=0.20,False,common density d_I = d_J,0.2,50,0.1,0.2,0.2,3,Customers search,340,6.8,45.60000000000001,45.60000000000001,1.0,0.0,1.0,1.0074000019812956,Both sides search,False,,252.0,88.0,38.0,,,
care,Care.com / childcare,care_d_0.20,d_I=d_J=0.20,False,common density d_I = d_J,0.2,50,0.1,0.2,0.2,3,Providers search,464,9.28,45.60000000000001,45.60000000000001,1.0,0.0,1.0,1.4327999961096793,Both sides search,False,,328.0,136.0,86.0,,,
care,Care.com / childcare,care_d_0.20,d_I=d_J=0.20,False,common density d_I = d_J,0.2,50,0.1,0.2,0.2,3,Both sides search,623,12.46,45.20000000000001,45.60000000000001,0.9912280701754387,0.00877192982456132,1.0,0.3863000019919127,Both sides search,False,0.4,0.0,105.0,55.0,518.0,,
care,Care.com / childcare,care_d_0.20,d_I=d_J=0.20,False,common density d_I = d_J,0.2,50,0.1,0.2,0.2,3,Centralized matching,2500,50.0,39.0,45.60000000000001,0.8552631578947367,0.14473684210526327,0.78,0.7575999989057891,Both sides search,False,,,,,,50.0,101.0
care,Care.com / childcare,care_d_0.40,d_I=d_J=0.40,False,common density d_I = d_J,0.4,50,0.1,0.4,0.4,3,Customers search,176,3.52,50.0,50.0,1.0,0.0,1.0,0.5250000031082891,Both sides search,False,,117.0,59.0,9.0,,,
care,Care.com / childcare,care_d_0.40,d_I=d_J=0.40,False,common density d_I = d_J,0.4,50,0.1,0.4,0.4,3,Providers search,165,3.3,50.0,50.0,1.0,0.0,1.0,0.5187999995541759,Both sides search,False,,104.0,61.0,11.0,,,
care,Care.com / childcare,care_d_0.40,d_I=d_J=0.40,False,common density d_I = d_J,0.4,50,0.1,0.4,0.4,3,Both sides search,176,3.52,50.0,50.0,1.0,0.0,1.0,0.5297000025166199,Both sides search,False,0.0,117.0,59.0,9.0,0.0,,
care,Care.com / childcare,care_d_0.40,d_I=d_J=0.40,False,common density d_I = d_J,0.4,50,0.1,0.4,0.4,3,Centralized matching,2500,50.0,50.0,50.0,1.0,0.0,1.0,0.749400001950562,Both sides search,False,,,,,,50.0,383.0
care,Care.com / childcare,care_d_0.02,d_I=d_J=0.02,True,common density d_I = d_J,0.02,50,0.1,0.02,0.02,4,Customers search,1488,29.76,24.800000000000008,24.800000000000004,1.0000000000000002,-2.220446049250313e-16,1.0,4.327300004661083,Both sides search,False,,1376.0,112.0,62.0,,,
care,Care.com / childcare,care_d_0.02,d_I=d_J=0.02,True,common density d_I = d_J,0.02,50,0.1,0.02,0.02,4,Providers search,1245,24.9,24.800000000000008,24.800000000000004,1.0000000000000002,-2.220446049250313e-16,1.0,3.7383999951998703,Both sides search,False,,1170.0,75.0,25.0,,,
care,Care.com / childcare,care_d_0.02,d_I=d_J=0.02,True,common density d_I = d_J,0.02,50,0.1,0.02,0.02,4,Both sides search,188,3.76,24.800000000000008,24.800000000000004,1.0000000000000002,-2.220446049250313e-16,1.0,0.4709999993792735,Both sides search,False,0.4,0.0,139.0,89.0,49.0,,
care,Care.com / childcare,care_d_0.02,d_I=d_J=0.02,True,common density d_I = d_J,0.02,50,0.1,0.02,0.02,4,Centralized matching,2500,50.0,0.0,24.800000000000004,0.0,1.0,0.0,0.7254000011016615,Both sides search,False,,,,,,50.0,0.0
care,Care.com / childcare,care_d_0.05,d_I=d_J=0.05,False,common density d_I = d_J,0.05,50,0.1,0.05,0.05,4,Customers search,371,7.42,32.40000000000002,32.40000000000002,1.0,0.0,1.0,1.195600001665298,Both sides search,False,,293.0,78.0,28.0,,,
care,Care.com / childcare,care_d_0.05,d_I=d_J=0.05,False,common density d_I = d_J,0.05,50,0.1,0.05,0.05,4,Providers search,772,15.44,32.40000000000002,32.40000000000002,1.0,0.0,1.0,2.3598000043421052,Both sides search,False,,645.0,127.0,77.0,,,
care,Care.com / childcare,care_d_0.05,d_I=d_J=0.05,False,common density d_I = d_J,0.05,50,0.1,0.05,0.05,4,Both sides search,212,4.24,32.40000000000002,32.40000000000002,1.0,0.0,1.0,0.327600006130524,Both sides search,False,0.4,0.0,91.0,41.0,121.0,,
care,Care.com / childcare,care_d_0.05,d_I=d_J=0.05,False,common density d_I = d_J,0.05,50,0.1,0.05,0.05,4,Centralized matching,2500,50.0,6.0,32.40000000000002,0.18518518518518506,0.8148148148148149,0.12,0.72340000042459,Both sides search,False,,,,,,50.0,6.0
care,Care.com / childcare,care_d_0.10,d_I=d_J=0.10,False,common density d_I = d_J,0.1,50,0.1,0.1,0.1,4,Customers search,258,5.16,36.80000000000001,36.80000000000001,1.0,0.0,1.0,0.7505000030505471,Both sides search,False,,187.0,71.0,21.0,,,
care,Care.com / childcare,care_d_0.10,d_I=d_J=0.10,False,common density d_I = d_J,0.1,50,0.1,0.1,0.1,4,Providers search,262,5.24,36.80000000000001,36.80000000000001,1.0,0.0,1.0,0.8200999945984222,Both sides search,False,,183.0,79.0,29.0,,,
care,Care.com / childcare,care_d_0.10,d_I=d_J=0.10,False,common density d_I = d_J,0.1,50,0.1,0.1,0.1,4,Both sides search,300,6.0,36.80000000000001,36.80000000000001,1.0,0.0,1.0,0.2755999958026223,Both sides search,False,0.4,0.0,76.0,26.0,224.0,,
care,Care.com / childcare,care_d_0.10,d_I=d_J=0.10,False,common density d_I = d_J,0.1,50,0.1,0.1,0.1,4,Centralized matching,2500,50.0,17.0,36.80000000000001,0.46195652173913027,0.5380434782608697,0.34,0.7225000008475035,Both sides search,False,,,,,,50.0,24.0
care,Care.com / childcare,care_d_0.20,d_I=d_J=0.20,False,common density d_I = d_J,0.2,50,0.1,0.2,0.2,4,Customers search,439,8.78,44.800000000000004,44.80000000000001,0.9999999999999999,1.1102230246251565e-16,1.0,1.2929000004078262,Both sides search,False,,300.0,139.0,89.0,,,
care,Care.com / childcare,care_d_0.20,d_I=d_J=0.20,False,common density d_I = d_J,0.2,50,0.1,0.2,0.2,4,Providers search,384,7.68,44.800000000000004,44.80000000000001,0.9999999999999999,1.1102230246251565e-16,1.0,1.2040000001434237,Both sides search,False,,293.0,91.0,41.0,,,
care,Care.com / childcare,care_d_0.20,d_I=d_J=0.20,False,common density d_I = d_J,0.2,50,0.1,0.2,0.2,4,Both sides search,636,12.72,44.800000000000004,44.80000000000001,0.9999999999999999,1.1102230246251565e-16,1.0,0.49820000276668,Both sides search,False,0.4,0.0,143.0,93.0,493.0,,
care,Care.com / childcare,care_d_0.20,d_I=d_J=0.20,False,common density d_I = d_J,0.2,50,0.1,0.2,0.2,4,Centralized matching,2500,50.0,37.0,44.80000000000001,0.825892857142857,0.17410714285714302,0.74,0.7379000016953796,Both sides search,False,,,,,,50.0,91.0
care,Care.com / childcare,care_d_0.40,d_I=d_J=0.40,False,common density d_I = d_J,0.4,50,0.1,0.4,0.4,4,Customers search,135,2.7,50.0,50.0,1.0,0.0,1.0,0.42519999988144264,Both sides search,False,,79.0,56.0,6.0,,,
care,Care.com / childcare,care_d_0.40,d_I=d_J=0.40,False,common density d_I = d_J,0.4,50,0.1,0.4,0.4,4,Providers search,183,3.66,50.0,50.0,1.0,0.0,1.0,0.5841999955009669,Both sides search,False,,116.0,67.0,17.0,,,
care,Care.com / childcare,care_d_0.40,d_I=d_J=0.40,False,common density d_I = d_J,0.4,50,0.1,0.4,0.4,4,Both sides search,135,2.7,50.0,50.0,1.0,0.0,1.0,0.41590000182623044,Both sides search,False,0.0,79.0,56.0,6.0,0.0,,
care,Care.com / childcare,care_d_0.40,d_I=d_J=0.40,False,common density d_I = d_J,0.4,50,0.1,0.4,0.4,4,Centralized matching,2500,50.0,50.0,50.0,1.0,0.0,1.0,0.7352000029641204,Both sides search,False,,,,,,50.0,377.0
care,Care.com / childcare,care_d_0.02,d_I=d_J=0.02,True,common density d_I = d_J,0.02,50,0.1,0.02,0.02,5,Customers search,1139,22.78,27.600000000000012,27.60000000000001,1.0000000000000002,-2.220446049250313e-16,1.0,3.712199999426957,Both sides search,False,,1038.0,101.0,51.0,,,
care,Care.com / childcare,care_d_0.02,d_I=d_J=0.02,True,common density d_I = d_J,0.02,50,0.1,0.02,0.02,5,Providers search,1289,25.78,27.20000000000001,27.60000000000001,0.9855072463768116,0.01449275362318836,1.0,3.914900000381749,Both sides search,False,,1190.0,99.0,49.0,,,
care,Care.com / childcare,care_d_0.02,d_I=d_J=0.02,True,common density d_I = d_J,0.02,50,0.1,0.02,0.02,5,Both sides search,179,3.58,27.600000000000012,27.60000000000001,1.0000000000000002,-2.220446049250313e-16,1.0,0.42499999835854396,Both sides search,False,0.4,0.0,118.0,68.0,61.0,,
care,Care.com / childcare,care_d_0.02,d_I=d_J=0.02,True,common density d_I = d_J,0.02,50,0.1,0.02,0.02,5,Centralized matching,2500,50.0,3.0,27.60000000000001,0.10869565217391301,0.891304347826087,0.06,0.7390000027953647,Both sides search,False,,,,,,50.0,3.0
care,Care.com / childcare,care_d_0.05,d_I=d_J=0.05,False,common density d_I = d_J,0.05,50,0.1,0.05,0.05,5,Customers search,760,15.2,33.60000000000003,33.60000000000002,1.0000000000000002,-2.220446049250313e-16,1.0,2.1877999970456585,Both sides search,False,,624.0,136.0,86.0,,,
care,Care.com / childcare,care_d_0.05,d_I=d_J=0.05,False,common density d_I = d_J,0.05,50,0.1,0.05,0.05,5,Providers search,562,11.24,33.20000000000002,33.60000000000002,0.9880952380952379,0.011904761904762085,1.0,1.7286000002059154,Both sides search,False,,457.0,105.0,55.0,,,
care,Care.com / childcare,care_d_0.05,d_I=d_J=0.05,False,common density d_I = d_J,0.05,50,0.1,0.05,0.05,5,Both sides search,276,5.52,33.60000000000002,33.60000000000002,1.0,0.0,1.0,0.5109999983687885,Both sides search,False,0.4,0.0,149.0,99.0,127.0,,
care,Care.com / childcare,care_d_0.05,d_I=d_J=0.05,False,common density d_I = d_J,0.05,50,0.1,0.05,0.05,5,Centralized matching,2500,50.0,10.0,33.60000000000002,0.2976190476190474,0.7023809523809526,0.2,0.7254000011016615,Both sides search,False,,,,,,50.0,13.0
care,Care.com / childcare,care_d_0.10,d_I=d_J=0.10,False,common density d_I = d_J,0.1,50,0.1,0.1,0.1,5,Customers search,348,6.96,38.00000000000002,38.00000000000002,1.0,0.0,1.0,1.0342000023229048,Both sides search,False,,242.0,106.0,56.0,,,
care,Care.com / childcare,care_d_0.10,d_I=d_J=0.10,False,common density d_I = d_J,0.1,50,0.1,0.1,0.1,5,Providers search,434,8.68,38.00000000000002,38.00000000000002,1.0,0.0,1.0,1.352500003122259,Both sides search,False,,310.0,124.0,74.0,,,
care,Care.com / childcare,care_d_0.10,d_I=d_J=0.10,False,common density d_I = d_J,0.1,50,0.1,0.1,0.1,5,Both sides search,348,6.96,38.00000000000002,38.00000000000002,1.0,0.0,1.0,0.2851999961421825,Both sides search,False,0.4,0.0,79.0,29.0,269.0,,
care,Care.com / childcare,care_d_0.10,d_I=d_J=0.10,False,common density d_I = d_J,0.1,50,0.1,0.1,0.1,5,Centralized matching,2500,50.0,20.0,38.00000000000002,0.526315789473684,0.47368421052631604,0.4,0.745899997127708,Both sides search,False,,,,,,50.0,30.0
care,Care.com / childcare,care_d_0.20,d_I=d_J=0.20,False,common density d_I = d_J,0.2,50,0.1,0.2,0.2,5,Customers search,402,8.04,46.400000000000006,46.400000000000006,1.0,0.0,1.0,1.4764999941689894,Both sides search,False,,287.0,115.0,65.0,,,
care,Care.com / childcare,care_d_0.20,d_I=d_J=0.20,False,common density d_I = d_J,0.2,50,0.1,0.2,0.2,5,Providers search,361,7.22,46.400000000000006,46.400000000000006,1.0,0.0,1.0,1.1484999995445833,Both sides search,False,,269.0,92.0,42.0,,,
care,Care.com / childcare,care_d_0.20,d_I=d_J=0.20,False,common density d_I = d_J,0.2,50,0.1,0.2,0.2,5,Both sides search,628,12.56,46.400000000000006,46.400000000000006,1.0,0.0,1.0,0.41870000131893903,Both sides search,False,0.4,0.0,116.0,66.0,512.0,,
care,Care.com / childcare,care_d_0.20,d_I=d_J=0.20,False,common density d_I = d_J,0.2,50,0.1,0.2,0.2,5,Centralized matching,2500,50.0,41.0,46.400000000000006,0.8836206896551723,0.11637931034482774,0.82,0.7488999981433153,Both sides search,False,,,,,,50.0,99.0
care,Care.com / childcare,care_d_0.40,d_I=d_J=0.40,False,common density d_I = d_J,0.4,50,0.1,0.4,0.4,5,Customers search,153,3.06,50.0,50.0,1.0,0.0,1.0,0.4702000005636364,Both sides search,False,,95.0,58.0,8.0,,,
care,Care.com / childcare,care_d_0.40,d_I=d_J=0.40,False,common density d_I = d_J,0.4,50,0.1,0.4,0.4,5,Providers search,165,3.3,50.0,50.0,1.0,0.0,1.0,0.5210000017541461,Both sides search,False,,104.0,61.0,11.0,,,
care,Care.com / childcare,care_d_0.40,d_I=d_J=0.40,False,common density d_I = d_J,0.4,50,0.1,0.4,0.4,5,Both sides search,153,3.06,50.0,50.0,1.0,0.0,1.0,0.47900000208755955,Both sides search,False,0.0,95.0,58.0,8.0,0.0,,
care,Care.com / childcare,care_d_0.40,d_I=d_J=0.40,False,common density d_I = d_J,0.4,50,0.1,0.4,0.4,5,Centralized matching,2500,50.0,50.0,50.0,1.0,0.0,1.0,0.7419999965350144,Both sides search,False,,,,,,50.0,397.0
care,Care.com / childcare,care_d_0.02,d_I=d_J=0.02,True,common density d_I = d_J,0.02,50,0.1,0.02,0.02,6,Customers search,1298,25.96,26.000000000000014,26.00000000000001,1.0000000000000002,-2.220446049250313e-16,1.0,3.70180000027176,Both sides search,False,,1210.0,88.0,38.0,,,
care,Care.com / childcare,care_d_0.02,d_I=d_J=0.02,True,common density d_I = d_J,0.02,50,0.1,0.02,0.02,6,Providers search,1196,23.92,26.00000000000001,26.00000000000001,1.0,0.0,1.0,3.5648999983095564,Both sides search,False,,1117.0,79.0,29.0,,,
care,Care.com / childcare,care_d_0.02,d_I=d_J=0.02,True,common density d_I = d_J,0.02,50,0.1,0.02,0.02,6,Both sides search,159,3.18,26.00000000000001,26.00000000000001,1.0,0.0,1.0,0.37570000131381676,Both sides search,False,0.4,0.0,106.0,56.0,53.0,,
care,Care.com / childcare,care_d_0.02,d_I=d_J=0.02,True,common density d_I = d_J,0.02,50,0.1,0.02,0.02,6,Centralized matching,2500,50.0,1.0,26.00000000000001,0.03846153846153844,0.9615384615384616,0.02,0.7315999973798171,Both sides search,False,,,,,,50.0,1.0
care,Care.com / childcare,care_d_0.05,d_I=d_J=0.05,False,common density d_I = d_J,0.05,50,0.1,0.05,0.05,6,Customers search,783,15.66,31.200000000000028,31.600000000000026,0.9873417721518988,0.012658227848101222,1.0,2.285499998833984,Both sides search,False,,660.0,123.0,73.0,,,
care,Care.com / childcare,care_d_0.05,d_I=d_J=0.05,False,common density d_I = d_J,0.05,50,0.1,0.05,0.05,6,Providers search,611,12.22,31.60000000000003,31.600000000000026,1.0000000000000002,-2.220446049250313e-16,1.0,1.8850000051315874,Both sides search,False,,511.0,100.0,50.0,,,
care,Care.com / childcare,care_d_0.05,d_I=d_J=0.05,False,common density d_I = d_J,0.05,50,0.1,0.05,0.05,6,Both sides search,261,5.22,31.60000000000003,31.600000000000026,1.0000000000000002,-2.220446049250313e-16,1.0,0.4746000049635768,Both sides search,False,0.4,0.0,139.0,89.0,122.0,,
care,Care.com / childcare,care_d_0.05,d_I=d_J=0.05,False,common density d_I = d_J,0.05,50,0.1,0.05,0.05,6,Centralized matching,2500,50.0,5.0,31.600000000000026,0.1582278481012657,0.8417721518987343,0.1,0.7098999994923361,Both sides search,False,,,,,,50.0,5.0
care,Care.com / childcare,care_d_0.10,d_I=d_J=0.10,False,common density d_I = d_J,0.1,50,0.1,0.1,0.1,6,Customers search,300,6.0,36.00000000000002,36.00000000000002,1.0,0.0,1.0,0.8818999995128252,Both sides search,False,,220.0,80.0,30.0,,,
care,Care.com / childcare,care_d_0.10,d_I=d_J=0.10,False,common density d_I = d_J,0.1,50,0.1,0.1,0.1,6,Providers search,384,7.68,36.00000000000002,36.00000000000002,1.0,0.0,1.0,1.185199995234143,Both sides search,False,,279.0,105.0,55.0,,,
care,Care.com / childcare,care_d_0.10,d_I=d_J=0.10,False,common density d_I = d_J,0.1,50,0.1,0.1,0.1,6,Both sides search,329,6.58,36.00000000000002,36.00000000000002,1.0,0.0,1.0,0.28840000595664605,Both sides search,False,0.4,0.0,79.0,29.0,250.0,,
care,Care.com / childcare,care_d_0.10,d_I=d_J=0.10,False,common density d_I = d_J,0.1,50,0.1,0.1,0.1,6,Centralized matching,2500,50.0,15.0,36.00000000000002,0.4166666666666664,0.5833333333333336,0.3,0.7140000016079284,Both sides search,False,,,,,,50.0,20.0
care,Care.com / childcare,care_d_0.20,d_I=d_J=0.20,False,common density d_I = d_J,0.2,50,0.1,0.2,0.2,6,Customers search,307,6.14,45.60000000000001,45.60000000000001,1.0,0.0,1.0,0.9152999991783872,Both sides search,False,,220.0,87.0,37.0,,,
care,Care.com / childcare,care_d_0.20,d_I=d_J=0.20,False,common density d_I = d_J,0.2,50,0.1,0.2,0.2,6,Providers search,395,7.9,45.60000000000001,45.60000000000001,1.0,0.0,1.0,1.2346000003162771,Both sides search,False,,279.0,116.0,66.0,,,
care,Care.com / childcare,care_d_0.20,d_I=d_J=0.20,False,common density d_I = d_J,0.2,50,0.1,0.2,0.2,6,Both sides search,618,12.36,45.60000000000001,45.60000000000001,1.0,0.0,1.0,0.34810000215657055,Both sides search,False,0.4,0.0,94.0,44.0,524.0,,
care,Care.com / childcare,care_d_0.20,d_I=d_J=0.20,False,common density d_I = d_J,0.2,50,0.1,0.2,0.2,6,Centralized matching,2500,50.0,39.0,45.60000000000001,0.8552631578947367,0.14473684210526327,0.78,0.7330000007641502,Both sides search,False,,,,,,50.0,105.0
care,Care.com / childcare,care_d_0.40,d_I=d_J=0.40,False,common density d_I = d_J,0.4,50,0.1,0.4,0.4,6,Customers search,131,2.62,50.0,50.0,1.0,0.0,1.0,0.4023000001325272,Both sides search,False,,71.0,60.0,10.0,,,
care,Care.com / childcare,care_d_0.40,d_I=d_J=0.40,False,common density d_I = d_J,0.4,50,0.1,0.4,0.4,6,Providers search,142,2.84,50.0,50.0,1.0,0.0,1.0,0.45310000132303685,Both sides search,False,,80.0,62.0,12.0,,,
care,Care.com / childcare,care_d_0.40,d_I=d_J=0.40,False,common density d_I = d_J,0.4,50,0.1,0.4,0.4,6,Both sides search,131,2.62,50.0,50.0,1.0,0.0,1.0,0.4163999983575195,Both sides search,False,0.0,71.0,60.0,10.0,0.0,,
care,Care.com / childcare,care_d_0.40,d_I=d_J=0.40,False,common density d_I = d_J,0.4,50,0.1,0.4,0.4,6,Centralized matching,2500,50.0,50.0,50.0,1.0,0.0,1.0,0.7420999972964637,Both sides search,False,,,,,,50.0,411.0
care,Care.com / childcare,care_d_0.02,d_I=d_J=0.02,True,common density d_I = d_J,0.02,50,0.1,0.02,0.02,7,Customers search,1016,20.32,25.60000000000001,26.000000000000007,0.9846153846153847,0.01538461538461533,1.0,3.1501999983447604,Both sides search,False,,940.0,76.0,26.0,,,
care,Care.com / childcare,care_d_0.02,d_I=d_J=0.02,True,common density d_I = d_J,0.02,50,0.1,0.02,0.02,7,Providers search,1381,27.62,26.00000000000001,26.000000000000007,1.0000000000000002,-2.220446049250313e-16,1.0,4.205800003546756,Both sides search,False,,1282.0,99.0,49.0,,,
care,Care.com / childcare,care_d_0.02,d_I=d_J=0.02,True,common density d_I = d_J,0.02,50,0.1,0.02,0.02,7,Both sides search,153,3.06,26.00000000000001,26.000000000000007,1.0000000000000002,-2.220446049250313e-16,1.0,0.338400001055561,Both sides search,False,0.4,0.0,96.0,46.0,57.0,,
care,Care.com / childcare,care_d_0.02,d_I=d_J=0.02,True,common density d_I = d_J,0.02,50,0.1,0.02,0.02,7,Centralized matching,2500,50.0,0.0,26.000000000000007,0.0,1.0,0.0,0.7123000032152049,Both sides search,False,,,,,,50.0,0.0
care,Care.com / childcare,care_d_0.05,d_I=d_J=0.05,False,common density d_I = d_J,0.05,50,0.1,0.05,0.05,7,Customers search,761,15.22,30.800000000000026,30.800000000000022,1.0000000000000002,-2.220446049250313e-16,1.0,2.256600004329812,Both sides search,False,,639.0,122.0,72.0,,,
care,Care.com / childcare,care_d_0.05,d_I=d_J=0.05,False,common density d_I = d_J,0.05,50,0.1,0.05,0.05,7,Providers search,784,15.68,30.800000000000022,30.800000000000022,1.0,0.0,1.0,2.450100000714883,Both sides search,False,,659.0,125.0,75.0,,,
care,Care.com / childcare,care_d_0.05,d_I=d_J=0.05,False,common density d_I = d_J,0.05,50,0.1,0.05,0.05,7,Both sides search,290,5.8,30.800000000000022,30.800000000000022,1.0,0.0,1.0,0.6085000059101731,Both sides search,False,0.4,0.0,173.0,123.0,117.0,,
care,Care.com / childcare,care_d_0.05,d_I=d_J=0.05,False,common density d_I = d_J,0.05,50,0.1,0.05,0.05,7,Centralized matching,2500,50.0,3.0,30.800000000000022,0.09740259740259734,0.9025974025974026,0.06,0.7179000022006221,Both sides search,False,,,,,,50.0,4.0
care,Care.com / childcare,care_d_0.10,d_I=d_J=0.10,False,common density d_I = d_J,0.1,50,0.1,0.1,0.1,7,Customers search,325,6.5,35.60000000000002,35.60000000000002,1.0,0.0,1.0,0.9664999961387366,Both sides search,False,,234.0,91.0,41.0,,,
care,Care.com / childcare,care_d_0.10,d_I=d_J=0.10,False,common density d_I = d_J,0.1,50,0.1,0.1,0.1,7,Providers search,313,6.26,35.60000000000003,35.60000000000002,1.0000000000000002,-2.220446049250313e-16,1.0,0.9865999963949434,Both sides search,False,,224.0,89.0,39.0,,,
care,Care.com / childcare,care_d_0.10,d_I=d_J=0.10,False,common density d_I = d_J,0.1,50,0.1,0.1,0.1,7,Both sides search,316,6.32,35.60000000000003,35.60000000000002,1.0000000000000002,-2.220446049250313e-16,1.0,0.3156000020680949,Both sides search,False,0.4,0.0,87.0,37.0,229.0,,
care,Care.com / childcare,care_d_0.10,d_I=d_J=0.10,False,common density d_I = d_J,0.1,50,0.1,0.1,0.1,7,Centralized matching,2500,50.0,14.0,35.60000000000002,0.3932584269662919,0.6067415730337081,0.28,0.7216000012704171,Both sides search,False,,,,,,50.0,23.0
care,Care.com / childcare,care_d_0.20,d_I=d_J=0.20,False,common density d_I = d_J,0.2,50,0.1,0.2,0.2,7,Customers search,414,8.28,46.400000000000006,46.400000000000006,1.0,0.0,1.0,1.2384000001475215,Both sides search,False,,279.0,135.0,85.0,,,
care,Care.com / childcare,care_d_0.20,d_I=d_J=0.20,False,common density d_I = d_J,0.2,50,0.1,0.2,0.2,7,Providers search,402,8.04,46.40000000000001,46.400000000000006,1.0000000000000002,-2.220446049250313e-16,1.0,1.2451000002329238,Both sides search,False,,283.0,119.0,69.0,,,
care,Care.com / childcare,care_d_0.20,d_I=d_J=0.20,False,common density d_I = d_J,0.2,50,0.1,0.2,0.2,7,Both sides search,628,12.56,46.40000000000001,46.400000000000006,1.0000000000000002,-2.220446049250313e-16,1.0,0.4962999955751002,Both sides search,False,0.4,0.0,139.0,89.0,489.0,,
care,Care.com / childcare,care_d_0.20,d_I=d_J=0.20,False,common density d_I = d_J,0.2,50,0.1,0.2,0.2,7,Centralized matching,2500,50.0,41.0,46.400000000000006,0.8836206896551723,0.11637931034482774,0.82,0.7283000013558194,Both sides search,False,,,,,,50.0,105.0
care,Care.com / childcare,care_d_0.40,d_I=d_J=0.40,False,common density d_I = d_J,0.4,50,0.1,0.4,0.4,7,Customers search,178,3.56,50.0,50.0,1.0,0.0,1.0,0.5431000026874244,Both sides search,False,,107.0,71.0,21.0,,,
care,Care.com / childcare,care_d_0.40,d_I=d_J=0.40,False,common density d_I = d_J,0.4,50,0.1,0.4,0.4,7,Providers search,170,3.4,50.0,50.0,1.0,0.0,1.0,0.5369999998947605,Both sides search,False,,101.0,69.0,19.0,,,
care,Care.com / childcare,care_d_0.40,d_I=d_J=0.40,False,common density d_I = d_J,0.4,50,0.1,0.4,0.4,7,Both sides search,178,3.56,50.0,50.0,1.0,0.0,1.0,0.5454000056488439,Both sides search,False,0.0,107.0,71.0,21.0,0.0,,
care,Care.com / childcare,care_d_0.40,d_I=d_J=0.40,False,common density d_I = d_J,0.4,50,0.1,0.4,0.4,7,Centralized matching,2500,50.0,50.0,50.0,1.0,0.0,1.0,0.7467999967047945,Both sides search,False,,,,,,50.0,393.0
care,Care.com / childcare,care_d_0.02,d_I=d_J=0.02,True,common density d_I = d_J,0.02,50,0.1,0.02,0.02,8,Customers search,1405,28.1,24.000000000000004,24.0,1.0000000000000002,-2.220446049250313e-16,1.0,4.022100001748186,Both sides search,False,,1307.0,98.0,48.0,,,
care,Care.com / childcare,care_d_0.02,d_I=d_J=0.02,True,common density d_I = d_J,0.02,50,0.1,0.02,0.02,8,Providers search,1330,26.6,24.0,24.0,1.0,0.0,1.0,4.031000004033558,Both sides search,False,,1250.0,80.0,30.0,,,
care,Care.com / childcare,care_d_0.02,d_I=d_J=0.02,True,common density d_I = d_J,0.02,50,0.1,0.02,0.02,8,Both sides search,177,3.54,24.000000000000004,24.0,1.0000000000000002,-2.220446049250313e-16,1.0,0.4678999976022169,Both sides search,False,0.4,0.0,136.0,86.0,41.0,,
care,Care.com / childcare,care_d_0.02,d_I=d_J=0.02,True,common density d_I = d_J,0.02,50,0.1,0.02,0.02,8,Centralized matching,2500,50.0,0.0,24.0,0.0,1.0,0.0,0.7381000032182783,Both sides search,False,,,,,,50.0,0.0
care,Care.com / childcare,care_d_0.05,d_I=d_J=0.05,False,common density d_I = d_J,0.05,50,0.1,0.05,0.05,8,Customers search,582,11.64,30.800000000000026,30.800000000000026,1.0,0.0,1.0,1.6825999991851859,Both sides search,False,,477.0,105.0,55.0,,,
care,Care.com / childcare,care_d_0.05,d_I=d_J=0.05,False,common density d_I = d_J,0.05,50,0.1,0.05,0.05,8,Providers search,617,12.34,30.800000000000026,30.800000000000026,1.0,0.0,1.0,1.906299999973271,Both sides search,False,,509.0,108.0,58.0,,,
care,Care.com / childcare,care_d_0.05,d_I=d_J=0.05,False,common density d_I = d_J,0.05,50,0.1,0.05,0.05,8,Both sides search,215,4.3,30.800000000000026,30.800000000000026,1.0,0.0,1.0,0.37820000579813495,Both sides search,False,0.4,0.0,103.0,53.0,112.0,,
care,Care.com / childcare,care_d_0.05,d_I=d_J=0.05,False,common density d_I = d_J,0.05,50,0.1,0.05,0.05,8,Centralized matching,2500,50.0,2.0,30.800000000000026,0.06493506493506489,0.9350649350649352,0.04,0.7154000049922615,Both sides search,False,,,,,,50.0,2.0
care,Care.com / childcare,care_d_0.10,d_I=d_J=0.10,False,common density d_I = d_J,0.1,50,0.1,0.1,0.1,8,Customers search,370,7.4,35.200000000000024,35.200000000000024,1.0,0.0,1.0,1.0860000038519502,Both sides search,False,,270.0,100.0,50.0,,,
care,Care.com / childcare,care_d_0.10,d_I=d_J=0.10,False,common density d_I = d_J,0.1,50,0.1,0.1,0.1,8,Providers search,379,7.58,35.200000000000024,35.200000000000024,1.0,0.0,1.0,1.1916000003111549,Both sides search,False,,278.0,101.0,51.0,,,
care,Care.com / childcare,care_d_0.10,d_I=d_J=0.10,False,common density d_I = d_J,0.1,50,0.1,0.1,0.1,8,Both sides search,305,6.1,35.200000000000024,35.200000000000024,1.0,0.0,1.0,0.2578999992692843,Both sides search,False,0.4,0.0,70.0,20.0,235.0,,
care,Care.com / childcare,care_d_0.10,d_I=d_J=0.10,False,common density d_I = d_J,0.1,50,0.1,0.1,0.1,8,Centralized matching,2500,50.0,13.0,35.200000000000024,0.36931818181818155,0.6306818181818185,0.26,0.7146000061766244,Both sides search,False,,,,,,50.0,15.0
care,Care.com / childcare,care_d_0.20,d_I=d_J=0.20,False,common density d_I = d_J,0.2,50,0.1,0.2,0.2,8,Customers search,404,8.08,45.60000000000001,46.00000000000001,0.991304347826087,0.008695652173912993,1.0,1.1933999994653277,Both sides search,False,,293.0,111.0,61.0,,,
care,Care.com / childcare,care_d_0.20,d_I=d_J=0.20,False,common density d_I = d_J,0.2,50,0.1,0.2,0.2,8,Providers search,373,7.46,45.600000000000016,46.00000000000001,0.9913043478260871,0.008695652173912882,1.0,1.16379999963101,Both sides search,False,,261.0,112.0,62.0,,,
care,Care.com / childcare,care_d_0.20,d_I=d_J=0.20,False,common density d_I = d_J,0.2,50,0.1,0.2,0.2,8,Both sides search,607,12.14,46.000000000000014,46.00000000000001,1.0000000000000002,-2.220446049250313e-16,1.0,0.517000000400003,Both sides search,False,0.4,0.0,147.0,97.0,460.0,,
care,Care.com / childcare,care_d_0.20,d_I=d_J=0.20,False,common density d_I = d_J,0.2,50,0.1,0.2,0.2,8,Centralized matching,2500,50.0,40.0,46.00000000000001,0.8695652173913042,0.1304347826086958,0.8,0.7287999978871085,Both sides search,False,,,,,,50.0,97.0
care,Care.com / childcare,care_d_0.40,d_I=d_J=0.40,False,common density d_I = d_J,0.4,50,0.1,0.4,0.4,8,Customers search,142,2.84,50.0,50.0,1.0,0.0,1.0,0.4302000015741214,Both sides search,False,,87.0,55.0,5.0,,,
care,Care.com / childcare,care_d_0.40,d_I=d_J=0.40,False,common density d_I = d_J,0.4,50,0.1,0.4,0.4,8,Providers search,189,3.78,50.0,50.0,1.0,0.0,1.0,0.6068000002414919,Both sides search,False,,113.0,76.0,26.0,,,
care,Care.com / childcare,care_d_0.40,d_I=d_J=0.40,False,common density d_I = d_J,0.4,50,0.1,0.4,0.4,8,Both sides search,142,2.84,50.0,50.0,1.0,0.0,1.0,0.4389000023365952,Both sides search,False,0.0,87.0,55.0,5.0,0.0,,
care,Care.com / childcare,care_d_0.40,d_I=d_J=0.40,False,common density d_I = d_J,0.4,50,0.1,0.4,0.4,8,Centralized matching,2500,50.0,50.0,50.0,1.0,0.0,1.0,0.738800001272466,Both sides search,False,,,,,,50.0,391.0
care,Care.com / childcare,care_d_0.02,d_I=d_J=0.02,True,common density d_I = d_J,0.02,50,0.1,0.02,0.02,9,Customers search,1320,26.4,25.60000000000001,25.60000000000001,1.0,0.0,1.0,3.813600000285078,Both sides search,False,,1228.0,92.0,42.0,,,
care,Care.com / childcare,care_d_0.02,d_I=d_J=0.02,True,common density d_I = d_J,0.02,50,0.1,0.02,0.02,9,Providers search,1295,25.9,25.60000000000001,25.60000000000001,1.0,0.0,1.0,3.9111000005505048,Both sides search,False,,1212.0,83.0,33.0,,,
care,Care.com / childcare,care_d_0.02,d_I=d_J=0.02,True,common density d_I = d_J,0.02,50,0.1,0.02,0.02,9,Both sides search,136,2.72,25.60000000000001,25.60000000000001,1.0,0.0,1.0,0.31540000054519624,Both sides search,False,0.4,0.0,89.0,39.0,47.0,,
care,Care.com / childcare,care_d_0.02,d_I=d_J=0.02,True,common density d_I = d_J,0.02,50,0.1,0.02,0.02,9,Centralized matching,2500,50.0,0.0,25.60000000000001,0.0,1.0,0.0,0.7190999967860989,Both sides search,False,,,,,,50.0,0.0
care,Care.com / childcare,care_d_0.05,d_I=d_J=0.05,False,common density d_I = d_J,0.05,50,0.1,0.05,0.05,9,Customers search,602,12.04,33.20000000000002,33.20000000000002,1.0,0.0,1.0,1.7460999952163547,Both sides search,False,,494.0,108.0,58.0,,,
care,Care.com / childcare,care_d_0.05,d_I=d_J=0.05,False,common density d_I = d_J,0.05,50,0.1,0.05,0.05,9,Providers search,883,17.66,33.20000000000002,33.20000000000002,1.0,0.0,1.0,2.791899998555891,Both sides search,False,,708.0,175.0,125.0,,,
care,Care.com / childcare,care_d_0.05,d_I=d_J=0.05,False,common density d_I = d_J,0.05,50,0.1,0.05,0.05,9,Both sides search,200,4.0,33.20000000000002,33.20000000000002,1.0,0.0,1.0,0.2671999973244965,Both sides search,False,0.4,0.0,72.0,22.0,128.0,,
care,Care.com / childcare,care_d_0.05,d_I=d_J=0.05,False,common density d_I = d_J,0.05,50,0.1,0.05,0.05,9,Centralized matching,2500,50.0,10.0,33.20000000000002,0.3012048192771083,0.6987951807228917,0.2,0.7081000003381632,Both sides search,False,,,,,,50.0,10.0
care,Care.com / childcare,care_d_0.10,d_I=d_J=0.10,False,common density d_I = d_J,0.1,50,0.1,0.1,0.1,9,Customers search,314,6.28,37.600000000000016,37.600000000000016,1.0,0.0,1.0,0.9227999980794266,Both sides search,False,,220.0,94.0,44.0,,,
care,Care.com / childcare,care_d_0.10,d_I=d_J=0.10,False,common density d_I = d_J,0.1,50,0.1,0.1,0.1,9,Providers search,314,6.28,37.600000000000016,37.600000000000016,1.0,0.0,1.0,1.0200999968219548,Both sides search,False,,221.0,93.0,43.0,,,
care,Care.com / childcare,care_d_0.10,d_I=d_J=0.10,False,common density d_I = d_J,0.1,50,0.1,0.1,0.1,9,Both sides search,338,6.76,37.600000000000016,37.600000000000016,1.0,0.0,1.0,0.3260000012232922,Both sides search,False,0.4,0.0,90.0,40.0,248.0,,
care,Care.com / childcare,care_d_0.10,d_I=d_J=0.10,False,common density d_I = d_J,0.1,50,0.1,0.1,0.1,9,Centralized matching,2500,50.0,19.0,37.600000000000016,0.50531914893617,0.49468085106383,0.38,0.7125999982235953,Both sides search,False,,,,,,50.0,23.0
care,Care.com / childcare,care_d_0.20,d_I=d_J=0.20,False,common density d_I = d_J,0.2,50,0.1,0.2,0.2,9,Customers search,374,7.48,46.4,46.400000000000006,0.9999999999999999,1.1102230246251565e-16,1.0,1.1119000046164729,Both sides search,False,,264.0,110.0,60.0,,,
care,Care.com / childcare,care_d_0.20,d_I=d_J=0.20,False,common density d_I = d_J,0.2,50,0.1,0.2,0.2,9,Providers search,361,7.22,46.400000000000006,46.400000000000006,1.0,0.0,1.0,1.131199998781085,Both sides search,False,,254.0,107.0,57.0,,,
care,Care.com / childcare,care_d_0.20,d_I=d_J=0.20,False,common density d_I = d_J,0.2,50,0.1,0.2,0.2,9,Both sides search,638,12.76,46.400000000000006,46.400000000000006,1.0,0.0,1.0,0.4951999944751151,Both sides search,False,0.4,0.0,139.0,89.0,499.0,,
care,Care.com / childcare,care_d_0.20,d_I=d_J=0.20,False,common density d_I = d_J,0.2,50,0.1,0.2,0.2,9,Centralized matching,2500,50.0,41.0,46.400000000000006,0.8836206896551723,0.11637931034482774,0.82,0.7335000045713969,Both sides search,False,,,,,,50.0,110.0
care,Care.com / childcare,care_d_0.40,d_I=d_J=0.40,False,common density d_I = d_J,0.4,50,0.1,0.4,0.4,9,Customers search,128,2.56,50.0,50.0,1.0,0.0,1.0,0.4048000046168454,Both sides search,False,,72.0,56.0,6.0,,,
care,Care.com / childcare,care_d_0.40,d_I=d_J=0.40,False,common density d_I = d_J,0.4,50,0.1,0.4,0.4,9,Providers search,126,2.52,50.0,50.0,1.0,0.0,1.0,0.41599999531172216,Both sides search,False,,68.0,58.0,8.0,,,
care,Care.com / childcare,care_d_0.40,d_I=d_J=0.40,False,common density d_I = d_J,0.4,50,0.1,0.4,0.4,9,Both sides search,128,2.56,50.0,50.0,1.0,0.0,1.0,0.40749999607214704,Both sides search,False,0.0,72.0,56.0,6.0,0.0,,
care,Care.com / childcare,care_d_0.40,d_I=d_J=0.40,False,common density d_I = d_J,0.4,50,0.1,0.4,0.4,9,Centralized matching,2500,50.0,50.0,50.0,1.0,0.0,1.0,0.7373000044026412,Both sides search,False,,,,,,50.0,410.0
care,Care.com / childcare,care_d_0.02,d_I=d_J=0.02,True,common density d_I = d_J,0.02,100,0.1,0.02,0.02,0,Customers search,2424,24.24,59.6000000000001,60.0000000000001,0.9933333333333334,0.006666666666666599,1.0,7.1050999977160245,Both sides search,False,,2228.0,196.0,96.0,,,
care,Care.com / childcare,care_d_0.02,d_I=d_J=0.02,True,common density d_I = d_J,0.02,100,0.1,0.02,0.02,0,Providers search,3496,34.96,59.200000000000095,60.0000000000001,0.9866666666666666,0.01333333333333342,1.0,11.14400000369642,Both sides search,False,,3248.0,248.0,148.0,,,
care,Care.com / childcare,care_d_0.02,d_I=d_J=0.02,True,common density d_I = d_J,0.02,100,0.1,0.02,0.02,0,Both sides search,446,4.46,60.0000000000001,60.0000000000001,1.0,0.0,1.0,0.8713999995961785,Both sides search,False,0.4,0.0,244.0,144.0,202.0,,
care,Care.com / childcare,care_d_0.02,d_I=d_J=0.02,True,common density d_I = d_J,0.02,100,0.1,0.02,0.02,0,Centralized matching,10000,100.0,1.0,60.0000000000001,0.01666666666666664,0.9833333333333334,0.01,1.5554999990854412,Both sides search,False,,,,,,100.0,1.0
care,Care.com / childcare,care_d_0.05,d_I=d_J=0.05,False,common density d_I = d_J,0.05,100,0.1,0.05,0.05,0,Customers search,673,6.73,66.00000000000009,66.00000000000009,1.0,0.0,1.0,1.9654999996419065,Both sides search,False,,520.0,153.0,53.0,,,
care,Care.com / childcare,care_d_0.05,d_I=d_J=0.05,False,common density d_I = d_J,0.05,100,0.1,0.05,0.05,0,Providers search,873,8.73,66.00000000000009,66.00000000000009,1.0,0.0,1.0,2.8524000008474104,Both sides search,False,,693.0,180.0,80.0,,,
care,Care.com / childcare,care_d_0.05,d_I=d_J=0.05,False,common density d_I = d_J,0.05,100,0.1,0.05,0.05,0,Both sides search,673,6.73,66.00000000000009,66.00000000000009,1.0,0.0,1.0,0.6023999958415516,Both sides search,False,0.4,0.0,167.0,67.0,506.0,,
care,Care.com / childcare,care_d_0.05,d_I=d_J=0.05,False,common density d_I = d_J,0.05,100,0.1,0.05,0.05,0,Centralized matching,10000,100.0,15.0,66.00000000000009,0.227272727272727,0.772727272727273,0.15,1.5578999955323525,Both sides search,False,,,,,,100.0,17.0
care,Care.com / childcare,care_d_0.10,d_I=d_J=0.10,False,common density d_I = d_J,0.1,100,0.1,0.1,0.1,0,Customers search,832,8.32,80.39999999999995,80.39999999999995,1.0,0.0,1.0,2.4149000018951483,Both sides search,False,,671.0,161.0,61.0,,,
care,Care.com / childcare,care_d_0.10,d_I=d_J=0.10,False,common density d_I = d_J,0.1,100,0.1,0.1,0.1,0,Providers search,912,9.12,80.39999999999995,80.39999999999995,1.0,0.0,1.0,2.844100003130734,Both sides search,False,,723.0,189.0,89.0,,,
care,Care.com / childcare,care_d_0.10,d_I=d_J=0.10,False,common density d_I = d_J,0.1,100,0.1,0.1,0.1,0,Both sides search,1209,12.09,80.39999999999995,80.39999999999995,1.0,0.0,1.0,0.6896999984746799,Both sides search,False,0.4,0.0,194.0,94.0,1015.0,,
care,Care.com / childcare,care_d_0.10,d_I=d_J=0.10,False,common density d_I = d_J,0.1,100,0.1,0.1,0.1,0,Centralized matching,10000,100.0,51.0,80.39999999999995,0.6343283582089556,0.3656716417910444,0.51,1.5413000000989996,Both sides search,False,,,,,,100.0,95.0
care,Care.com / childcare,care_d_0.20,d_I=d_J=0.20,False,common density d_I = d_J,0.2,100,0.1,0.2,0.2,0,Customers search,811,8.11,99.6,99.6,1.0,0.0,1.0,2.401600002485793,Both sides search,False,,624.0,187.0,87.0,,,
care,Care.com / childcare,care_d_0.20,d_I=d_J=0.20,False,common density d_I = d_J,0.2,100,0.1,0.2,0.2,0,Providers search,1059,10.59,99.6,99.6,1.0,0.0,1.0,3.7028000006102957,Both sides search,False,,806.0,253.0,153.0,,,
care,Care.com / childcare,care_d_0.20,d_I=d_J=0.20,False,common density d_I = d_J,0.2,100,0.1,0.2,0.2,0,Both sides search,2229,22.29,99.6,99.6,1.0,0.0,1.0,0.8975000018835999,Both sides search,False,0.4,0.0,237.0,137.0,1992.0,,
care,Care.com / childcare,care_d_0.20,d_I=d_J=0.20,False,common density d_I = d_J,0.2,100,0.1,0.2,0.2,0,Centralized matching,10000,100.0,99.0,99.6,0.9939759036144579,0.0060240963855421326,0.99,1.6530000066268258,Both sides search,False,,,,,,100.0,399.0
care,Care.com / childcare,care_d_0.40,d_I=d_J=0.40,False,common density d_I = d_J,0.4,100,0.1,0.4,0.4,0,Customers search,292,2.92,100.0,100.0,1.0,0.0,1.0,0.8736999952816404,Both sides search,True,,183.0,109.0,9.0,,,
care,Care.com / childcare,care_d_0.40,d_I=d_J=0.40,False,common density d_I = d_J,0.4,100,0.1,0.4,0.4,0,Providers search,305,3.05,100.0,100.0,1.0,0.0,1.0,0.9605000013834797,Both sides search,True,,187.0,118.0,18.0,,,
care,Care.com / childcare,care_d_0.40,d_I=d_J=0.40,False,common density d_I = d_J,0.4,100,0.1,0.4,0.4,0,Both sides search,292,2.92,100.0,100.0,1.0,0.0,1.0,0.8853999970597215,Both sides search,True,0.0,183.0,109.0,9.0,0.0,,
care,Care.com / childcare,care_d_0.40,d_I=d_J=0.40,False,common density d_I = d_J,0.4,100,0.1,0.4,0.4,0,Centralized matching,8700,87.0,100.0,100.0,1.0,0.0,1.0,1.6382000030716881,Both sides search,True,,,,,,87.0,1419.0
care,Care.com / childcare,care_d_0.02,d_I=d_J=0.02,True,common density d_I = d_J,0.02,100,0.1,0.02,0.02,1,Customers search,2214,22.14,60.40000000000009,61.200000000000095,0.9869281045751633,0.013071895424836666,1.0,6.459100004576612,Both sides search,False,,2036.0,178.0,78.0,,,
care,Care.com / childcare,care_d_0.02,d_I=d_J=0.02,True,common density d_I = d_J,0.02,100,0.1,0.02,0.02,1,Providers search,3823,38.23,60.80000000000009,61.200000000000095,0.9934640522875816,0.0065359477124183885,1.0,11.985599994659424,Both sides search,False,,3551.0,272.0,172.0,,,
care,Care.com / childcare,care_d_0.02,d_I=d_J=0.02,True,common density d_I = d_J,0.02,100,0.1,0.02,0.02,1,Both sides search,418,4.18,61.200000000000095,61.200000000000095,1.0,0.0,1.0,0.7603999983984977,Both sides search,False,0.4,0.0,217.0,117.0,201.0,,
care,Care.com / childcare,care_d_0.02,d_I=d_J=0.02,True,common density d_I = d_J,0.02,100,0.1,0.02,0.02,1,Centralized matching,10000,100.0,6.0,61.200000000000095,0.09803921568627436,0.9019607843137256,0.06,1.5571999974781647,Both sides search,False,,,,,,100.0,6.0
care,Care.com / childcare,care_d_0.05,d_I=d_J=0.05,False,common density d_I = d_J,0.05,100,0.1,0.05,0.05,1,Customers search,664,6.64,69.60000000000002,69.60000000000002,1.0,0.0,1.0,1.9376999989617616,Both sides search,False,,503.0,161.0,61.0,,,
care,Care.com / childcare,care_d_0.05,d_I=d_J=0.05,False,common density d_I = d_J,0.05,100,0.1,0.05,0.05,1,Providers search,869,8.69,69.60000000000002,69.60000000000002,1.0,0.0,1.0,2.7501000004122034,Both sides search,False,,674.0,195.0,95.0,,,
care,Care.com / childcare,care_d_0.05,d_I=d_J=0.05,False,common density d_I = d_J,0.05,100,0.1,0.05,0.05,1,Both sides search,665,6.65,69.60000000000002,69.60000000000002,1.0,0.0,1.0,0.6547999946633354,Both sides search,False,0.4,0.0,181.0,81.0,484.0,,
care,Care.com / childcare,care_d_0.05,d_I=d_J=0.05,False,common density d_I = d_J,0.05,100,0.1,0.05,0.05,1,Centralized matching,10000,100.0,24.0,69.60000000000002,0.34482758620689646,0.6551724137931035,0.24,1.5485999974771403,Both sides search,False,,,,,,100.0,30.0
care,Care.com / childcare,care_d_0.10,d_I=d_J=0.10,False,common density d_I = d_J,0.1,100,0.1,0.1,0.1,1,Customers search,833,8.33,85.99999999999997,85.99999999999997,1.0,0.0,1.0,2.4363999982597306,Both sides search,False,,646.0,187.0,87.0,,,
care,Care.com / childcare,care_d_0.10,d_I=d_J=0.10,False,common density d_I = d_J,0.1,100,0.1,0.1,0.1,1,Providers search,1170,11.7,85.99999999999997,85.99999999999997,1.0,0.0,1.0,3.6965999970561825,Both sides search,False,,847.0,323.0,223.0,,,
care,Care.com / childcare,care_d_0.10,d_I=d_J=0.10,False,common density d_I = d_J,0.1,100,0.1,0.1,0.1,1,Both sides search,1210,12.1,85.99999999999997,85.99999999999997,1.0,0.0,1.0,0.705400001606904,Both sides search,False,0.4,0.0,195.0,95.0,1015.0,,
care,Care.com / childcare,care_d_0.10,d_I=d_J=0.10,False,common density d_I = d_J,0.1,100,0.1,0.1,0.1,1,Centralized matching,10000,100.0,65.0,85.99999999999997,0.7558139534883723,0.24418604651162767,0.65,1.615599998331163,Both sides search,False,,,,,,100.0,123.0
care,Care.com / childcare,care_d_0.20,d_I=d_J=0.20,False,common density d_I = d_J,0.2,100,0.1,0.2,0.2,1,Customers search,815,8.15,99.6,99.6,1.0,0.0,1.0,2.3890000011306256,Both sides search,False,,626.0,189.0,89.0,,,
care,Care.com / childcare,care_d_0.20,d_I=d_J=0.20,False,common density d_I = d_J,0.2,100,0.1,0.2,0.2,1,Providers search,1168,11.68,99.6,99.6,1.0,0.0,1.0,3.7171000003581867,Both sides search,False,,875.0,293.0,193.0,,,
care,Care.com / childcare,care_d_0.20,d_I=d_J=0.20,False,common density d_I = d_J,0.2,100,0.1,0.2,0.2,1,Both sides search,2243,22.43,99.6,99.6,1.0,0.0,1.0,0.9040000004461035,Both sides search,False,0.4,0.0,245.0,145.0,1998.0,,
care,Care.com / childcare,care_d_0.20,d_I=d_J=0.20,False,common density d_I = d_J,0.2,100,0.1,0.2,0.2,1,Centralized matching,10000,100.0,99.0,99.6,0.9939759036144579,0.0060240963855421326,0.99,1.658300003327895,Both sides search,False,,,,,,100.0,408.0
care,Care.com / childcare,care_d_0.40,d_I=d_J=0.40,False,common density d_I = d_J,0.4,100,0.1,0.4,0.4,1,Customers search,274,2.74,100.0,100.0,1.0,0.0,1.0,0.832799996715039,Both sides search,True,,162.0,112.0,12.0,,,
care,Care.com / childcare,care_d_0.40,d_I=d_J=0.40,False,common density d_I = d_J,0.4,100,0.1,0.4,0.4,1,Providers search,270,2.7,100.0,100.0,1.0,0.0,1.0,0.8556000029784627,Both sides search,True,,161.0,109.0,9.0,,,
care,Care.com / childcare,care_d_0.40,d_I=d_J=0.40,False,common density d_I = d_J,0.4,100,0.1,0.4,0.4,1,Both sides search,274,2.74,100.0,100.0,1.0,0.0,1.0,0.8451999965473078,Both sides search,True,0.0,162.0,112.0,12.0,0.0,,
care,Care.com / childcare,care_d_0.40,d_I=d_J=0.40,False,common density d_I = d_J,0.4,100,0.1,0.4,0.4,1,Centralized matching,8700,87.0,100.0,100.0,1.0,0.0,1.0,1.608500002475921,Both sides search,True,,,,,,87.0,1381.0
care,Care.com / childcare,care_d_0.02,d_I=d_J=0.02,True,common density d_I = d_J,0.02,100,0.1,0.02,0.02,2,Customers search,2880,28.8,59.20000000000009,59.60000000000009,0.9932885906040269,0.006711409395973145,1.0,8.328800002345815,Both sides search,False,,2664.0,216.0,116.0,,,
care,Care.com / childcare,care_d_0.02,d_I=d_J=0.02,True,common density d_I = d_J,0.02,100,0.1,0.02,0.02,2,Providers search,3430,34.3,59.60000000000009,59.60000000000009,1.0,0.0,1.0,10.768699998152442,Both sides search,False,,3163.0,267.0,167.0,,,
care,Care.com / childcare,care_d_0.02,d_I=d_J=0.02,True,common density d_I = d_J,0.02,100,0.1,0.02,0.02,2,Both sides search,456,4.56,59.60000000000009,59.60000000000009,1.0,0.0,1.0,0.8212999964598566,Both sides search,False,0.4,0.0,240.0,140.0,216.0,,
care,Care.com / childcare,care_d_0.02,d_I=d_J=0.02,True,common density d_I = d_J,0.02,100,0.1,0.02,0.02,2,Centralized matching,10000,100.0,3.0,59.60000000000009,0.050335570469798585,0.9496644295302015,0.03,1.5303999971365556,Both sides search,False,,,,,,100.0,4.0
care,Care.com / childcare,care_d_0.05,d_I=d_J=0.05,False,common density d_I = d_J,0.05,100,0.1,0.05,0.05,2,Customers search,731,7.31,68.80000000000004,68.80000000000004,1.0,0.0,1.0,2.1762000033049844,Both sides search,False,,549.0,182.0,82.0,,,
care,Care.com / childcare,care_d_0.05,d_I=d_J=0.05,False,common density d_I = d_J,0.05,100,0.1,0.05,0.05,2,Providers search,1012,10.12,68.80000000000004,68.80000000000004,1.0,0.0,1.0,3.183699998771772,Both sides search,False,,819.0,193.0,93.0,,,
care,Care.com / childcare,care_d_0.05,d_I=d_J=0.05,False,common density d_I = d_J,0.05,100,0.1,0.05,0.05,2,Both sides search,692,6.92,68.80000000000004,68.80000000000004,1.0,0.0,1.0,0.6428999986383133,Both sides search,False,0.4,0.0,182.0,82.0,510.0,,
care,Care.com / childcare,care_d_0.05,d_I=d_J=0.05,False,common density d_I = d_J,0.05,100,0.1,0.05,0.05,2,Centralized matching,10000,100.0,22.0,68.80000000000004,0.3197674418604649,0.6802325581395351,0.22,1.538800002890639,Both sides search,False,,,,,,100.0,26.0
care,Care.com / childcare,care_d_0.10,d_I=d_J=0.10,False,common density d_I = d_J,0.1,100,0.1,0.1,0.1,2,Customers search,939,9.39,80.80000000000003,81.20000000000002,0.9950738916256159,0.004926108374384119,1.0,2.7765999984694645,Both sides search,False,,743.0,196.0,96.0,,,
care,Care.com / childcare,care_d_0.10,d_I=d_J=0.10,False,common density d_I = d_J,0.1,100,0.1,0.1,0.1,2,Providers search,1150,11.5,81.20000000000002,81.20000000000002,1.0,0.0,1.0,3.622100004577078,Both sides search,False,,889.0,261.0,161.0,,,
care,Care.com / childcare,care_d_0.10,d_I=d_J=0.10,False,common density d_I = d_J,0.1,100,0.1,0.1,0.1,2,Both sides search,1231,12.31,81.20000000000002,81.20000000000002,1.0,0.0,1.0,0.8866999996826053,Both sides search,False,0.4,0.0,250.0,150.0,981.0,,
care,Care.com / childcare,care_d_0.10,d_I=d_J=0.10,False,common density d_I = d_J,0.1,100,0.1,0.1,0.1,2,Centralized matching,10000,100.0,53.0,81.20000000000002,0.6527093596059111,0.34729064039408886,0.53,1.5533000041614287,Both sides search,False,,,,,,100.0,102.0
care,Care.com / childcare,care_d_0.20,d_I=d_J=0.20,False,common density d_I = d_J,0.2,100,0.1,0.2,0.2,2,Customers search,1228,12.28,96.8,97.6,0.9918032786885246,0.008196721311475419,1.0,3.5828000036417507,Both sides search,False,,953.0,275.0,175.0,,,
care,Care.com / childcare,care_d_0.20,d_I=d_J=0.20,False,common density d_I = d_J,0.2,100,0.1,0.2,0.2,2,Providers search,1317,13.17,97.6,97.6,1.0,0.0,1.0,4.148399995756336,Both sides search,False,,1025.0,292.0,192.0,,,
care,Care.com / childcare,care_d_0.20,d_I=d_J=0.20,False,common density d_I = d_J,0.2,100,0.1,0.2,0.2,2,Both sides search,2340,23.4,97.6,97.6,1.0,0.0,1.0,1.2238999988767318,Both sides search,False,0.4,0.0,342.0,242.0,1998.0,,
care,Care.com / childcare,care_d_0.20,d_I=d_J=0.20,False,common density d_I = d_J,0.2,100,0.1,0.2,0.2,2,Centralized matching,10000,100.0,94.0,97.6,0.9631147540983607,0.03688524590163933,0.94,1.7774000007193536,Both sides search,False,,,,,,100.0,382.0
care,Care.com / childcare,care_d_0.40,d_I=d_J=0.40,False,common density d_I = d_J,0.4,100,0.1,0.4,0.4,2,Customers search,256,2.56,100.0,100.0,1.0,0.0,1.0,0.7637999951839447,Both sides search,True,,151.0,105.0,5.0,,,
care,Care.com / childcare,care_d_0.40,d_I=d_J=0.40,False,common density d_I = d_J,0.4,100,0.1,0.4,0.4,2,Providers search,244,2.44,100.0,100.0,1.0,0.0,1.0,0.782499999331776,Both sides search,True,,138.0,106.0,6.0,,,
care,Care.com / childcare,care_d_0.40,d_I=d_J=0.40,False,common density d_I = d_J,0.4,100,0.1,0.4,0.4,2,Both sides search,256,2.56,100.0,100.0,1.0,0.0,1.0,0.7919999989098869,Both sides search,True,0.0,151.0,105.0,5.0,0.0,,
care,Care.com / childcare,care_d_0.40,d_I=d_J=0.40,False,common density d_I = d_J,0.4,100,0.1,0.4,0.4,2,Centralized matching,8700,87.0,100.0,100.0,1.0,0.0,1.0,1.5904999963822775,Both sides search,True,,,,,,87.0,1415.0
care,Care.com / childcare,care_d_0.02,d_I=d_J=0.02,True,common density d_I = d_J,0.02,100,0.1,0.02,0.02,3,Customers search,3037,30.37,59.600000000000094,59.6000000000001,0.9999999999999999,1.1102230246251565e-16,1.0,8.764199999859557,Both sides search,False,,2789.0,248.0,148.0,,,
care,Care.com / childcare,care_d_0.02,d_I=d_J=0.02,True,common density d_I = d_J,0.02,100,0.1,0.02,0.02,3,Providers search,2754,27.54,59.6000000000001,59.6000000000001,1.0,0.0,1.0,8.581000001868233,Both sides search,False,,2566.0,188.0,88.0,,,
care,Care.com / childcare,care_d_0.02,d_I=d_J=0.02,True,common density d_I = d_J,0.02,100,0.1,0.02,0.02,3,Both sides search,581,5.81,59.600000000000094,59.6000000000001,0.9999999999999999,1.1102230246251565e-16,1.0,1.3331000009202398,Both sides search,False,0.4,0.0,395.0,295.0,186.0,,
care,Care.com / childcare,care_d_0.02,d_I=d_J=0.02,True,common density d_I = d_J,0.02,100,0.1,0.02,0.02,3,Centralized matching,10000,100.0,3.0,59.6000000000001,0.05033557046979857,0.9496644295302015,0.03,1.5585000001010485,Both sides search,False,,,,,,100.0,3.0
care,Care.com / childcare,care_d_0.05,d_I=d_J=0.05,False,common density d_I = d_J,0.05,100,0.1,0.05,0.05,3,Customers search,740,7.4,69.20000000000005,69.20000000000005,1.0,0.0,1.0,2.1543999973800965,Both sides search,False,,549.0,191.0,91.0,,,
care,Care.com / childcare,care_d_0.05,d_I=d_J=0.05,False,common density d_I = d_J,0.05,100,0.1,0.05,0.05,3,Providers search,746,7.46,69.20000000000005,69.20000000000005,1.0,0.0,1.0,2.329300004930701,Both sides search,False,,579.0,167.0,67.0,,,
care,Care.com / childcare,care_d_0.05,d_I=d_J=0.05,False,common density d_I = d_J,0.05,100,0.1,0.05,0.05,3,Both sides search,672,6.72,69.20000000000005,69.20000000000005,1.0,0.0,1.0,0.6439999997382984,Both sides search,False,0.4,0.0,182.0,82.0,490.0,,
care,Care.com / childcare,care_d_0.05,d_I=d_J=0.05,False,common density d_I = d_J,0.05,100,0.1,0.05,0.05,3,Centralized matching,10000,100.0,23.0,69.20000000000005,0.3323699421965316,0.6676300578034684,0.23,1.5539999949396588,Both sides search,False,,,,,,100.0,25.0
care,Care.com / childcare,care_d_0.10,d_I=d_J=0.10,False,common density d_I = d_J,0.1,100,0.1,0.1,0.1,3,Customers search,846,8.46,81.99999999999999,82.0,0.9999999999999998,2.220446049250313e-16,1.0,2.4608999956399202,Both sides search,False,,683.0,163.0,63.0,,,
care,Care.com / childcare,care_d_0.10,d_I=d_J=0.10,False,common density d_I = d_J,0.1,100,0.1,0.1,0.1,3,Providers search,858,8.58,82.0,82.0,1.0,0.0,1.0,2.6921000026050024,Both sides search,False,,696.0,162.0,62.0,,,
care,Care.com / childcare,care_d_0.10,d_I=d_J=0.10,False,common density d_I = d_J,0.1,100,0.1,0.1,0.1,3,Both sides search,1207,12.07,81.99999999999999,82.0,0.9999999999999998,2.220446049250313e-16,1.0,0.7260999991558492,Both sides search,False,0.4,0.0,197.0,97.0,1010.0,,
care,Care.com / childcare,care_d_0.10,d_I=d_J=0.10,False,common density d_I = d_J,0.1,100,0.1,0.1,0.1,3,Centralized matching,10000,100.0,55.0,82.0,0.6707317073170732,0.3292682926829268,0.55,1.549900000100024,Both sides search,False,,,,,,100.0,96.0
care,Care.com / childcare,care_d_0.20,d_I=d_J=0.20,False,common density d_I = d_J,0.2,100,0.1,0.2,0.2,3,Customers search,865,8.65,98.80000000000001,98.80000000000001,1.0,0.0,1.0,2.5535000022500753,Both sides search,False,,673.0,192.0,92.0,,,
care,Care.com / childcare,care_d_0.20,d_I=d_J=0.20,False,common density d_I = d_J,0.2,100,0.1,0.2,0.2,3,Providers search,1146,11.46,98.80000000000001,98.80000000000001,1.0,0.0,1.0,3.700499997648876,Both sides search,False,,892.0,254.0,154.0,,,
care,Care.com / childcare,care_d_0.20,d_I=d_J=0.20,False,common density d_I = d_J,0.2,100,0.1,0.2,0.2,3,Both sides search,2209,22.09,98.80000000000001,98.80000000000001,1.0,0.0,1.0,0.7135999985621311,Both sides search,False,0.4,0.0,190.0,90.0,2019.0,,
care,Care.com / childcare,care_d_0.20,d_I=d_J=0.20,False,common density d_I = d_J,0.2,100,0.1,0.2,0.2,3,Centralized matching,10000,100.0,97.0,98.80000000000001,0.9817813765182185,0.018218623481781493,0.97,1.6067000033217482,Both sides search,False,,,,,,100.0,394.0
care,Care.com / childcare,care_d_0.40,d_I=d_J=0.40,False,common density d_I = d_J,0.4,100,0.1,0.4,0.4,3,Customers search,234,2.34,100.0,100.0,1.0,0.0,1.0,0.7105000040610321,Both sides search,True,,130.0,104.0,4.0,,,
care,Care.com / childcare,care_d_0.40,d_I=d_J=0.40,False,common density d_I = d_J,0.4,100,0.1,0.4,0.4,3,Providers search,248,2.48,100.0,100.0,1.0,0.0,1.0,0.7893000001786277,Both sides search,True,,141.0,107.0,7.0,,,
care,Care.com / childcare,care_d_0.40,d_I=d_J=0.40,False,common density d_I = d_J,0.4,100,0.1,0.4,0.4,3,Both sides search,234,2.34,100.0,100.0,1.0,0.0,1.0,0.724500001524575,Both sides search,True,0.0,130.0,104.0,4.0,0.0,,
care,Care.com / childcare,care_d_0.40,d_I=d_J=0.40,False,common density d_I = d_J,0.4,100,0.1,0.4,0.4,3,Centralized matching,8700,87.0,100.0,100.0,1.0,0.0,1.0,1.606900004844647,Both sides search,True,,,,,,87.0,1421.0
care,Care.com / childcare,care_d_0.02,d_I=d_J=0.02,True,common density d_I = d_J,0.02,100,0.1,0.02,0.02,4,Customers search,3122,31.22,60.40000000000009,61.600000000000094,0.9805194805194805,0.019480519480519543,1.0,8.978599995316472,Both sides search,False,,2897.0,225.0,125.0,,,
care,Care.com / childcare,care_d_0.02,d_I=d_J=0.02,True,common density d_I = d_J,0.02,100,0.1,0.02,0.02,4,Providers search,2987,29.87,61.200000000000095,61.600000000000094,0.9935064935064936,0.00649350649350644,1.0,9.203900001011789,Both sides search,False,,2776.0,211.0,111.0,,,
care,Care.com / childcare,care_d_0.02,d_I=d_J=0.02,True,common density d_I = d_J,0.02,100,0.1,0.02,0.02,4,Both sides search,469,4.69,61.600000000000094,61.600000000000094,1.0,0.0,1.0,0.9006000036606565,Both sides search,False,0.4,0.0,258.0,158.0,211.0,,
care,Care.com / childcare,care_d_0.02,d_I=d_J=0.02,True,common density d_I = d_J,0.02,100,0.1,0.02,0.02,4,Centralized matching,10000,100.0,8.0,61.600000000000094,0.12987012987012966,0.8701298701298703,0.08,1.550200002384372,Both sides search,False,,,,,,100.0,8.0
care,Care.com / childcare,care_d_0.05,d_I=d_J=0.05,False,common density d_I = d_J,0.05,100,0.1,0.05,0.05,4,Customers search,739,7.39,66.80000000000005,66.80000000000005,1.0,0.0,1.0,2.2069000042392872,Both sides search,False,,564.0,175.0,75.0,,,
care,Care.com / childcare,care_d_0.05,d_I=d_J=0.05,False,common density d_I = d_J,0.05,100,0.1,0.05,0.05,4,Providers search,1312,13.12,66.80000000000005,66.80000000000005,1.0,0.0,1.0,4.099300000234507,Both sides search,False,,1070.0,242.0,142.0,,,
care,Care.com / childcare,care_d_0.05,d_I=d_J=0.05,False,common density d_I = d_J,0.05,100,0.1,0.05,0.05,4,Both sides search,677,6.77,66.80000000000005,66.80000000000005,1.0,0.0,1.0,0.6414000017684884,Both sides search,False,0.4,0.0,183.0,83.0,494.0,,
care,Care.com / childcare,care_d_0.05,d_I=d_J=0.05,False,common density d_I = d_J,0.05,100,0.1,0.05,0.05,4,Centralized matching,10000,100.0,17.0,66.80000000000005,0.25449101796407164,0.7455089820359284,0.17,1.5361999976448715,Both sides search,False,,,,,,100.0,23.0
care,Care.com / childcare,care_d_0.10,d_I=d_J=0.10,False,common density d_I = d_J,0.1,100,0.1,0.1,0.1,4,Customers search,1052,10.52,82.79999999999998,82.79999999999997,1.0000000000000002,-2.220446049250313e-16,1.0,3.0892000067979097,Both sides search,False,,806.0,246.0,146.0,,,
care,Care.com / childcare,care_d_0.10,d_I=d_J=0.10,False,common density d_I = d_J,0.1,100,0.1,0.1,0.1,4,Providers search,857,8.57,82.39999999999998,82.79999999999997,0.995169082125604,0.004830917874396046,1.0,2.639999998791609,Both sides search,False,,678.0,179.0,79.0,,,
care,Care.com / childcare,care_d_0.10,d_I=d_J=0.10,False,common density d_I = d_J,0.1,100,0.1,0.1,0.1,4,Both sides search,1226,12.26,82.79999999999998,82.79999999999997,1.0000000000000002,-2.220446049250313e-16,1.0,0.8290000041597523,Both sides search,False,0.4,0.0,236.0,136.0,990.0,,
care,Care.com / childcare,care_d_0.10,d_I=d_J=0.10,False,common density d_I = d_J,0.1,100,0.1,0.1,0.1,4,Centralized matching,10000,100.0,57.0,82.79999999999997,0.6884057971014496,0.31159420289855044,0.57,1.5379000033135526,Both sides search,False,,,,,,100.0,101.0
care,Care.com / childcare,care_d_0.20,d_I=d_J=0.20,False,common density d_I = d_J,0.2,100,0.1,0.2,0.2,4,Customers search,1288,12.88,99.19999999999999,99.2,0.9999999999999999,1.1102230246251565e-16,1.0,3.8332999974954873,Both sides search,False,,943.0,345.0,245.0,,,
care,Care.com / childcare,care_d_0.20,d_I=d_J=0.20,False,common density d_I = d_J,0.2,100,0.1,0.2,0.2,4,Providers search,1028,10.28,98.8,99.2,0.9959677419354838,0.0040322580645162365,1.0,3.2624000014038756,Both sides search,False,,789.0,239.0,139.0,,,
care,Care.com / childcare,care_d_0.20,d_I=d_J=0.20,False,common density d_I = d_J,0.2,100,0.1,0.2,0.2,4,Both sides search,2321,23.21,99.19999999999999,99.2,0.9999999999999999,1.1102230246251565e-16,1.0,1.3036000018473715,Both sides search,False,0.4,0.0,366.0,266.0,1955.0,,
care,Care.com / childcare,care_d_0.20,d_I=d_J=0.20,False,common density d_I = d_J,0.2,100,0.1,0.2,0.2,4,Centralized matching,10000,100.0,98.0,99.2,0.9879032258064516,0.012096774193548376,0.98,1.661399997828994,Both sides search,False,,,,,,100.0,384.0
care,Care.com / childcare,care_d_0.40,d_I=d_J=0.40,False,common density d_I = d_J,0.4,100,0.1,0.4,0.4,4,Customers search,313,3.13,100.0,100.0,1.0,0.0,1.0,0.9445999967283569,Both sides search,True,,196.0,117.0,17.0,,,
care,Care.com / childcare,care_d_0.40,d_I=d_J=0.40,False,common density d_I = d_J,0.4,100,0.1,0.4,0.4,4,Providers search,276,2.76,100.0,100.0,1.0,0.0,1.0,0.8805000034044497,Both sides search,True,,161.0,115.0,15.0,,,
care,Care.com / childcare,care_d_0.40,d_I=d_J=0.40,False,common density d_I = d_J,0.4,100,0.1,0.4,0.4,4,Both sides search,313,3.13,100.0,100.0,1.0,0.0,1.0,0.9783999994397163,Both sides search,True,0.0,196.0,117.0,17.0,0.0,,
care,Care.com / childcare,care_d_0.40,d_I=d_J=0.40,False,common density d_I = d_J,0.4,100,0.1,0.4,0.4,4,Centralized matching,8700,87.0,100.0,100.0,1.0,0.0,1.0,1.5961000026436523,Both sides search,True,,,,,,87.0,1384.0
care,Care.com / childcare,care_d_0.02,d_I=d_J=0.02,True,common density d_I = d_J,0.02,100,0.1,0.02,0.02,5,Customers search,3542,35.42,57.2000000000001,58.800000000000104,0.9727891156462585,0.027210884353741527,1.0,11.80459999886807,Both sides search,False,,3315.0,227.0,127.0,,,
care,Care.com / childcare,care_d_0.02,d_I=d_J=0.02,True,common density d_I = d_J,0.02,100,0.1,0.02,0.02,5,Providers search,3346,33.46,58.4000000000001,58.800000000000104,0.9931972789115645,0.006802721088435493,1.0,10.394799995992798,Both sides search,False,,3130.0,216.0,116.0,,,
care,Care.com / childcare,care_d_0.02,d_I=d_J=0.02,True,common density d_I = d_J,0.02,100,0.1,0.02,0.02,5,Both sides search,484,4.84,58.4000000000001,58.800000000000104,0.9931972789115645,0.006802721088435493,1.0,1.0188000014750287,Both sides search,False,0.4,0.0,286.0,186.0,198.0,,
care,Care.com / childcare,care_d_0.02,d_I=d_J=0.02,True,common density d_I = d_J,0.02,100,0.1,0.02,0.02,5,Centralized matching,10000,100.0,0.0,58.800000000000104,0.0,1.0,0.0,1.5573999990010634,Both sides search,False,,,,,,100.0,0.0
care,Care.com / childcare,care_d_0.05,d_I=d_J=0.05,False,common density d_I = d_J,0.05,100,0.1,0.05,0.05,5,Customers search,1151,11.51,67.60000000000005,67.60000000000005,1.0,0.0,1.0,3.395500003534835,Both sides search,False,,877.0,274.0,174.0,,,
care,Care.com / childcare,care_d_0.05,d_I=d_J=0.05,False,common density d_I = d_J,0.05,100,0.1,0.05,0.05,5,Providers search,974,9.74,67.60000000000005,67.60000000000005,1.0,0.0,1.0,3.0727999983355403,Both sides search,False,,761.0,213.0,113.0,,,
care,Care.com / childcare,care_d_0.05,d_I=d_J=0.05,False,common density d_I = d_J,0.05,100,0.1,0.05,0.05,5,Both sides search,686,6.86,67.60000000000005,67.60000000000005,1.0,0.0,1.0,0.6533999985549599,Both sides search,False,0.4,0.0,185.0,85.0,501.0,,
care,Care.com / childcare,care_d_0.05,d_I=d_J=0.05,False,common density d_I = d_J,0.05,100,0.1,0.05,0.05,5,Centralized matching,10000,100.0,19.0,67.60000000000005,0.2810650887573962,0.7189349112426038,0.19,1.5636000025551766,Both sides search,False,,,,,,100.0,25.0
care,Care.com / childcare,care_d_0.10,d_I=d_J=0.10,False,common density d_I = d_J,0.1,100,0.1,0.1,0.1,5,Customers search,1060,10.6,80.79999999999995,80.79999999999998,0.9999999999999997,3.3306690738754696e-16,1.0,3.1006999997771345,Both sides search,False,,817.0,243.0,143.0,,,
care,Care.com / childcare,care_d_0.10,d_I=d_J=0.10,False,common density d_I = d_J,0.1,100,0.1,0.1,0.1,5,Providers search,1035,10.35,80.79999999999995,80.79999999999998,0.9999999999999997,3.3306690738754696e-16,1.0,3.2894000032683834,Both sides search,False,,782.0,253.0,153.0,,,
care,Care.com / childcare,care_d_0.10,d_I=d_J=0.10,False,common density d_I = d_J,0.1,100,0.1,0.1,0.1,5,Both sides search,1215,12.15,80.79999999999995,80.79999999999998,0.9999999999999997,3.3306690738754696e-16,1.0,0.7509999995818362,Both sides search,False,0.4,0.0,209.0,109.0,1006.0,,
care,Care.com / childcare,care_d_0.10,d_I=d_J=0.10,False,common density d_I = d_J,0.1,100,0.1,0.1,0.1,5,Centralized matching,10000,100.0,52.0,80.79999999999998,0.6435643564356437,0.3564356435643563,0.52,1.5607000023010187,Both sides search,False,,,,,,100.0,103.0
care,Care.com / childcare,care_d_0.20,d_I=d_J=0.20,False,common density d_I = d_J,0.2,100,0.1,0.2,0.2,5,Customers search,1260,12.6,98.39999999999999,98.80000000000001,0.9959514170040484,0.004048582995951566,1.0,3.71879999875091,Both sides search,False,,957.0,303.0,203.0,,,
care,Care.com / childcare,care_d_0.20,d_I=d_J=0.20,False,common density d_I = d_J,0.2,100,0.1,0.2,0.2,5,Providers search,948,9.48,98.79999999999998,98.80000000000001,0.9999999999999997,3.3306690738754696e-16,1.0,3.0149000012897886,Both sides search,False,,745.0,203.0,103.0,,,
care,Care.com / childcare,care_d_0.20,d_I=d_J=0.20,False,common density d_I = d_J,0.2,100,0.1,0.2,0.2,5,Both sides search,2348,23.48,98.79999999999998,98.80000000000001,0.9999999999999997,3.3306690738754696e-16,1.0,1.198999998450745,Both sides search,False,0.4,0.0,338.0,238.0,2010.0,,
care,Care.com / childcare,care_d_0.20,d_I=d_J=0.20,False,common density d_I = d_J,0.2,100,0.1,0.2,0.2,5,Centralized matching,10000,100.0,97.0,98.80000000000001,0.9817813765182185,0.018218623481781493,0.97,1.6538000054424629,Both sides search,False,,,,,,100.0,397.0
care,Care.com / childcare,care_d_0.40,d_I=d_J=0.40,False,common density d_I = d_J,0.4,100,0.1,0.4,0.4,5,Customers search,282,2.82,100.0,100.0,1.0,0.0,1.0,0.8368000053451397,Both sides search,True,,172.0,110.0,10.0,,,
care,Care.com / childcare,care_d_0.40,d_I=d_J=0.40,False,common density d_I = d_J,0.4,100,0.1,0.4,0.4,5,Providers search,239,2.39,100.0,100.0,1.0,0.0,1.0,0.7818000012775883,Both sides search,True,,130.0,109.0,9.0,,,
care,Care.com / childcare,care_d_0.40,d_I=d_J=0.40,False,common density d_I = d_J,0.4,100,0.1,0.4,0.4,5,Both sides search,282,2.82,100.0,100.0,1.0,0.0,1.0,0.8885999995982274,Both sides search,True,0.0,172.0,110.0,10.0,0.0,,
care,Care.com / childcare,care_d_0.40,d_I=d_J=0.40,False,common density d_I = d_J,0.4,100,0.1,0.4,0.4,5,Centralized matching,8700,87.0,100.0,100.0,1.0,0.0,1.0,1.637299996218644,Both sides search,True,,,,,,87.0,1379.0
care,Care.com / childcare,care_d_0.02,d_I=d_J=0.02,True,common density d_I = d_J,0.02,100,0.1,0.02,0.02,6,Customers search,2826,28.26,59.200000000000095,59.6000000000001,0.9932885906040267,0.006711409395973256,1.0,8.19220000266796,Both sides search,False,,2569.0,257.0,157.0,,,
care,Care.com / childcare,care_d_0.02,d_I=d_J=0.02,True,common density d_I = d_J,0.02,100,0.1,0.02,0.02,6,Providers search,2687,26.87,59.600000000000094,59.6000000000001,0.9999999999999999,1.1102230246251565e-16,1.0,8.253499996499158,Both sides search,False,,2503.0,184.0,84.0,,,
care,Care.com / childcare,care_d_0.02,d_I=d_J=0.02,True,common density d_I = d_J,0.02,100,0.1,0.02,0.02,6,Both sides search,544,5.44,59.6000000000001,59.6000000000001,1.0,0.0,1.0,1.1393000022508204,Both sides search,False,0.4,0.0,338.0,238.0,206.0,,
care,Care.com / childcare,care_d_0.02,d_I=d_J=0.02,True,common density d_I = d_J,0.02,100,0.1,0.02,0.02,6,Centralized matching,10000,100.0,3.0,59.6000000000001,0.05033557046979857,0.9496644295302015,0.03,1.535900002636481,Both sides search,False,,,,,,100.0,3.0
care,Care.com / childcare,care_d_0.05,d_I=d_J=0.05,False,common density d_I = d_J,0.05,100,0.1,0.05,0.05,6,Customers search,889,8.89,68.40000000000003,68.40000000000003,1.0,0.0,1.0,2.6527000009082258,Both sides search,False,,687.0,202.0,102.0,,,
care,Care.com / childcare,care_d_0.05,d_I=d_J=0.05,False,common density d_I = d_J,0.05,100,0.1,0.05,0.05,6,Providers search,883,8.83,68.40000000000003,68.40000000000003,1.0,0.0,1.0,2.7830000035464764,Both sides search,False,,695.0,188.0,88.0,,,
care,Care.com / childcare,care_d_0.05,d_I=d_J=0.05,False,common density d_I = d_J,0.05,100,0.1,0.05,0.05,6,Both sides search,667,6.67,68.40000000000003,68.40000000000003,1.0,0.0,1.0,0.7157000000006519,Both sides search,False,0.4,0.0,203.0,103.0,464.0,,
care,Care.com / childcare,care_d_0.05,d_I=d_J=0.05,False,common density d_I = d_J,0.05,100,0.1,0.05,0.05,6,Centralized matching,10000,100.0,21.0,68.40000000000003,0.30701754385964897,0.692982456140351,0.21,1.5411999993375503,Both sides search,False,,,,,,100.0,23.0
care,Care.com / childcare,care_d_0.10,d_I=d_J=0.10,False,common density d_I = d_J,0.1,100,0.1,0.1,0.1,6,Customers search,826,8.26,80.79999999999998,80.79999999999998,1.0,0.0,1.0,2.4526000051992014,Both sides search,False,,660.0,166.0,66.0,,,
care,Care.com / childcare,care_d_0.10,d_I=d_J=0.10,False,common density d_I = d_J,0.1,100,0.1,0.1,0.1,6,Providers search,859,8.59,80.8,80.79999999999998,1.0000000000000002,-2.220446049250313e-16,1.0,2.6584000006550923,Both sides search,False,,682.0,177.0,77.0,,,
care,Care.com / childcare,care_d_0.10,d_I=d_J=0.10,False,common density d_I = d_J,0.1,100,0.1,0.1,0.1,6,Both sides search,1193,11.93,80.79999999999998,80.79999999999998,1.0,0.0,1.0,0.8244999989983626,Both sides search,False,0.4,0.0,234.0,134.0,959.0,,
care,Care.com / childcare,care_d_0.10,d_I=d_J=0.10,False,common density d_I = d_J,0.1,100,0.1,0.1,0.1,6,Centralized matching,10000,100.0,52.0,80.79999999999998,0.6435643564356437,0.3564356435643563,0.52,1.5513000034843571,Both sides search,False,,,,,,100.0,89.0
care,Care.com / childcare,care_d_0.20,d_I=d_J=0.20,False,common density d_I = d_J,0.2,100,0.1,0.2,0.2,6,Customers search,1003,10.03,98.79999999999998,99.19999999999999,0.9959677419354838,0.0040322580645162365,1.0,2.9577000022982247,Both sides search,False,,773.0,230.0,130.0,,,
care,Care.com / childcare,care_d_0.20,d_I=d_J=0.20,False,common density d_I = d_J,0.2,100,0.1,0.2,0.2,6,Providers search,951,9.51,99.19999999999999,99.19999999999999,1.0,0.0,1.0,3.0166000069584697,Both sides search,False,,746.0,205.0,105.0,,,
care,Care.com / childcare,care_d_0.20,d_I=d_J=0.20,False,common density d_I = d_J,0.2,100,0.1,0.2,0.2,6,Both sides search,2321,23.21,99.19999999999999,99.19999999999999,1.0,0.0,1.0,1.163499997346662,Both sides search,False,0.4,0.0,329.0,229.0,1992.0,,
care,Care.com / childcare,care_d_0.20,d_I=d_J=0.20,False,common density d_I = d_J,0.2,100,0.1,0.2,0.2,6,Centralized matching,10000,100.0,98.0,99.19999999999999,0.9879032258064517,0.012096774193548265,0.98,1.6373999969800934,Both sides search,False,,,,,,100.0,407.0
care,Care.com / childcare,care_d_0.40,d_I=d_J=0.40,False,common density d_I = d_J,0.4,100,0.1,0.4,0.4,6,Customers search,360,3.6,100.0,100.0,1.0,0.0,1.0,1.0908000040217303,Both sides search,True,,230.0,130.0,30.0,,,
care,Care.com / childcare,care_d_0.40,d_I=d_J=0.40,False,common density d_I = d_J,0.4,100,0.1,0.4,0.4,6,Providers search,319,3.19,100.0,100.0,1.0,0.0,1.0,1.00380000367295,Both sides search,True,,206.0,113.0,13.0,,,
care,Care.com / childcare,care_d_0.40,d_I=d_J=0.40,False,common density d_I = d_J,0.4,100,0.1,0.4,0.4,6,Both sides search,360,3.6,100.0,100.0,1.0,0.0,1.0,1.087699994968716,Both sides search,True,0.0,230.0,130.0,30.0,0.0,,
care,Care.com / childcare,care_d_0.40,d_I=d_J=0.40,False,common density d_I = d_J,0.4,100,0.1,0.4,0.4,6,Centralized matching,8700,87.0,100.0,100.0,1.0,0.0,1.0,1.6310999999404885,Both sides search,True,,,,,,87.0,1416.0
care,Care.com / childcare,care_d_0.02,d_I=d_J=0.02,True,common density d_I = d_J,0.02,100,0.1,0.02,0.02,7,Customers search,3227,32.27,58.4000000000001,58.8000000000001,0.9931972789115646,0.006802721088435382,1.0,9.916900002281182,Both sides search,False,,3006.0,221.0,121.0,,,
care,Care.com / childcare,care_d_0.02,d_I=d_J=0.02,True,common density d_I = d_J,0.02,100,0.1,0.02,0.02,7,Providers search,3413,34.13,58.4000000000001,58.8000000000001,0.9931972789115646,0.006802721088435382,1.0,10.614600003464147,Both sides search,False,,3213.0,200.0,100.0,,,
care,Care.com / childcare,care_d_0.02,d_I=d_J=0.02,True,common density d_I = d_J,0.02,100,0.1,0.02,0.02,7,Both sides search,466,4.66,58.8000000000001,58.8000000000001,1.0,0.0,1.0,0.9338999952888116,Both sides search,False,0.4,0.0,267.0,167.0,199.0,,
care,Care.com / childcare,care_d_0.02,d_I=d_J=0.02,True,common density d_I = d_J,0.02,100,0.1,0.02,0.02,7,Centralized matching,10000,100.0,1.0,58.8000000000001,0.01700680272108841,0.9829931972789115,0.01,1.5309000009438023,Both sides search,False,,,,,,100.0,1.0
care,Care.com / childcare,care_d_0.05,d_I=d_J=0.05,False,common density d_I = d_J,0.05,100,0.1,0.05,0.05,7,Customers search,970,9.7,66.80000000000005,66.80000000000005,1.0,0.0,1.0,2.8528000038932078,Both sides search,False,,780.0,190.0,90.0,,,
care,Care.com / childcare,care_d_0.05,d_I=d_J=0.05,False,common density d_I = d_J,0.05,100,0.1,0.05,0.05,7,Providers search,1021,10.21,66.40000000000005,66.80000000000005,0.9940119760479041,0.005988023952095856,1.0,3.1688000017311424,Both sides search,False,,839.0,182.0,82.0,,,
care,Care.com / childcare,care_d_0.05,d_I=d_J=0.05,False,common density d_I = d_J,0.05,100,0.1,0.05,0.05,7,Both sides search,665,6.65,66.80000000000005,66.80000000000005,1.0,0.0,1.0,0.6261000016820617,Both sides search,False,0.4,0.0,178.0,78.0,487.0,,
care,Care.com / childcare,care_d_0.05,d_I=d_J=0.05,False,common density d_I = d_J,0.05,100,0.1,0.05,0.05,7,Centralized matching,10000,100.0,17.0,66.80000000000005,0.25449101796407164,0.7455089820359284,0.17,1.575599999341648,Both sides search,False,,,,,,100.0,26.0
care,Care.com / childcare,care_d_0.10,d_I=d_J=0.10,False,common density d_I = d_J,0.1,100,0.1,0.1,0.1,7,Customers search,945,9.45,81.19999999999996,81.19999999999997,0.9999999999999998,2.220446049250313e-16,1.0,2.783200005069375,Both sides search,False,,744.0,201.0,101.0,,,
care,Care.com / childcare,care_d_0.10,d_I=d_J=0.10,False,common density d_I = d_J,0.1,100,0.1,0.1,0.1,7,Providers search,1050,10.5,81.19999999999999,81.19999999999997,1.0000000000000002,-2.220446049250313e-16,1.0,3.3141999956569634,Both sides search,False,,829.0,221.0,121.0,,,
care,Care.com / childcare,care_d_0.10,d_I=d_J=0.10,False,common density d_I = d_J,0.1,100,0.1,0.1,0.1,7,Both sides search,1227,12.27,81.19999999999996,81.19999999999997,0.9999999999999998,2.220446049250313e-16,1.0,0.8572000006097369,Both sides search,False,0.4,0.0,236.0,136.0,991.0,,
care,Care.com / childcare,care_d_0.10,d_I=d_J=0.10,False,common density d_I = d_J,0.1,100,0.1,0.1,0.1,7,Centralized matching,10000,100.0,53.0,81.19999999999997,0.6527093596059116,0.3472906403940884,0.53,1.557600000523962,Both sides search,False,,,,,,100.0,101.0
care,Care.com / childcare,care_d_0.20,d_I=d_J=0.20,False,common density d_I = d_J,0.2,100,0.1,0.2,0.2,7,Customers search,949,9.49,98.80000000000001,98.80000000000001,1.0,0.0,1.0,2.766800003882963,Both sides search,False,,763.0,186.0,86.0,,,
care,Care.com / childcare,care_d_0.20,d_I=d_J=0.20,False,common density d_I = d_J,0.2,100,0.1,0.2,0.2,7,Providers search,1237,12.37,98.80000000000001,98.80000000000001,1.0,0.0,1.0,3.929399994376581,Both sides search,False,,939.0,298.0,198.0,,,
care,Care.com / childcare,care_d_0.20,d_I=d_J=0.20,False,common density d_I = d_J,0.2,100,0.1,0.2,0.2,7,Both sides search,2194,21.94,98.80000000000001,98.80000000000001,1.0,0.0,1.0,0.7425999938277528,Both sides search,False,0.4,0.0,201.0,101.0,1993.0,,
care,Care.com / childcare,care_d_0.20,d_I=d_J=0.20,False,common density d_I = d_J,0.2,100,0.1,0.2,0.2,7,Centralized matching,10000,100.0,97.0,98.80000000000001,0.9817813765182185,0.018218623481781493,0.97,1.6460000042570755,Both sides search,False,,,,,,100.0,401.0
care,Care.com / childcare,care_d_0.40,d_I=d_J=0.40,False,common density d_I = d_J,0.4,100,0.1,0.4,0.4,7,Customers search,241,2.41,100.0,100.0,1.0,0.0,1.0,0.7324999969569035,Both sides search,True,,135.0,106.0,6.0,,,
care,Care.com / childcare,care_d_0.40,d_I=d_J=0.40,False,common density d_I = d_J,0.4,100,0.1,0.4,0.4,7,Providers search,257,2.57,100.0,100.0,1.0,0.0,1.0,0.8123000006889924,Both sides search,True,,150.0,107.0,7.0,,,
care,Care.com / childcare,care_d_0.40,d_I=d_J=0.40,False,common density d_I = d_J,0.4,100,0.1,0.4,0.4,7,Both sides search,241,2.41,100.0,100.0,1.0,0.0,1.0,0.7498999984818511,Both sides search,True,0.0,135.0,106.0,6.0,0.0,,
care,Care.com / childcare,care_d_0.40,d_I=d_J=0.40,False,common density d_I = d_J,0.4,100,0.1,0.4,0.4,7,Centralized matching,8700,87.0,100.0,100.0,1.0,0.0,1.0,1.582800003234297,Both sides search,True,,,,,,87.0,1364.0
care,Care.com / childcare,care_d_0.02,d_I=d_J=0.02,True,common density d_I = d_J,0.02,100,0.1,0.02,0.02,8,Customers search,2678,26.78,59.200000000000095,59.600000000000094,0.9932885906040269,0.006711409395973145,1.0,7.785300003888551,Both sides search,False,,2487.0,191.0,91.0,,,
care,Care.com / childcare,care_d_0.02,d_I=d_J=0.02,True,common density d_I = d_J,0.02,100,0.1,0.02,0.02,8,Providers search,3715,37.15,59.200000000000095,59.600000000000094,0.9932885906040269,0.006711409395973145,1.0,11.48240000475198,Both sides search,False,,3471.0,244.0,144.0,,,
care,Care.com / childcare,care_d_0.02,d_I=d_J=0.02,True,common density d_I = d_J,0.02,100,0.1,0.02,0.02,8,Both sides search,435,4.35,59.600000000000094,59.600000000000094,1.0,0.0,1.0,0.8573000013711862,Both sides search,False,0.4,0.0,252.0,152.0,183.0,,
care,Care.com / childcare,care_d_0.02,d_I=d_J=0.02,True,common density d_I = d_J,0.02,100,0.1,0.02,0.02,8,Centralized matching,10000,100.0,2.0,59.600000000000094,0.033557046979865716,0.9664429530201343,0.02,1.5357000011135824,Both sides search,False,,,,,,100.0,2.0
care,Care.com / childcare,care_d_0.05,d_I=d_J=0.05,False,common density d_I = d_J,0.05,100,0.1,0.05,0.05,8,Customers search,832,8.32,68.40000000000005,68.40000000000005,1.0,0.0,1.0,2.4549000008846633,Both sides search,False,,608.0,224.0,124.0,,,
care,Care.com / childcare,care_d_0.05,d_I=d_J=0.05,False,common density d_I = d_J,0.05,100,0.1,0.05,0.05,8,Providers search,1102,11.02,68.40000000000005,68.40000000000005,1.0,0.0,1.0,3.5244000027887523,Both sides search,False,,872.0,230.0,130.0,,,
care,Care.com / childcare,care_d_0.05,d_I=d_J=0.05,False,common density d_I = d_J,0.05,100,0.1,0.05,0.05,8,Both sides search,676,6.76,68.40000000000005,68.40000000000005,1.0,0.0,1.0,0.6283999973675236,Both sides search,False,0.4,0.0,172.0,72.0,504.0,,
care,Care.com / childcare,care_d_0.05,d_I=d_J=0.05,False,common density d_I = d_J,0.05,100,0.1,0.05,0.05,8,Centralized matching,10000,100.0,21.0,68.40000000000005,0.3070175438596489,0.692982456140351,0.21,1.5539999949396588,Both sides search,False,,,,,,100.0,22.0
care,Care.com / childcare,care_d_0.10,d_I=d_J=0.10,False,common density d_I = d_J,0.1,100,0.1,0.1,0.1,8,Customers search,923,9.23,79.19999999999996,79.59999999999997,0.9949748743718593,0.005025125628140725,1.0,2.6956000001518987,Both sides search,False,,735.0,188.0,88.0,,,
care,Care.com / childcare,care_d_0.10,d_I=d_J=0.10,False,common density d_I = d_J,0.1,100,0.1,0.1,0.1,8,Providers search,923,9.23,79.59999999999997,79.59999999999997,1.0,0.0,1.0,2.8941000055056065,Both sides search,False,,738.0,185.0,85.0,,,
care,Care.com / childcare,care_d_0.10,d_I=d_J=0.10,False,common density d_I = d_J,0.1,100,0.1,0.1,0.1,8,Both sides search,1168,11.68,79.59999999999997,79.59999999999997,1.0,0.0,1.0,0.6276999993133359,Both sides search,False,0.4,0.0,174.0,74.0,994.0,,
care,Care.com / childcare,care_d_0.10,d_I=d_J=0.10,False,common density d_I = d_J,0.1,100,0.1,0.1,0.1,8,Centralized matching,10000,100.0,49.0,79.59999999999997,0.6155778894472365,0.38442211055276354,0.49,1.5434000015375204,Both sides search,False,,,,,,100.0,79.0
care,Care.com / childcare,care_d_0.20,d_I=d_J=0.20,False,common density d_I = d_J,0.2,100,0.1,0.2,0.2,8,Customers search,1311,13.11,97.19999999999999,97.19999999999999,1.0,0.0,1.0,3.867599996738136,Both sides search,False,,1005.0,306.0,206.0,,,
care,Care.com / childcare,care_d_0.20,d_I=d_J=0.20,False,common density d_I = d_J,0.2,100,0.1,0.2,0.2,8,Providers search,937,9.37,97.19999999999999,97.19999999999999,1.0,0.0,1.0,2.9206999970483594,Both sides search,False,,764.0,173.0,73.0,,,
care,Care.com / childcare,care_d_0.20,d_I=d_J=0.20,False,common density d_I = d_J,0.2,100,0.1,0.2,0.2,8,Both sides search,2315,23.15,97.19999999999999,97.19999999999999,1.0,0.0,1.0,1.2993999989703298,Both sides search,False,0.4,0.0,372.0,272.0,1943.0,,
care,Care.com / childcare,care_d_0.20,d_I=d_J=0.20,False,common density d_I = d_J,0.2,100,0.1,0.2,0.2,8,Centralized matching,10000,100.0,93.0,97.19999999999999,0.9567901234567903,0.043209876543209735,0.93,1.6420000029029325,Both sides search,False,,,,,,100.0,347.0
care,Care.com / childcare,care_d_0.40,d_I=d_J=0.40,False,common density d_I = d_J,0.4,100,0.1,0.4,0.4,8,Customers search,250,2.5,100.0,100.0,1.0,0.0,1.0,0.7569000008516014,Both sides search,True,,144.0,106.0,6.0,,,
care,Care.com / childcare,care_d_0.40,d_I=d_J=0.40,False,common density d_I = d_J,0.4,100,0.1,0.4,0.4,8,Providers search,244,2.44,100.0,100.0,1.0,0.0,1.0,0.8074999932432547,Both sides search,True,,136.0,108.0,8.0,,,
care,Care.com / childcare,care_d_0.40,d_I=d_J=0.40,False,common density d_I = d_J,0.4,100,0.1,0.4,0.4,8,Both sides search,250,2.5,100.0,100.0,1.0,0.0,1.0,0.7773999968776479,Both sides search,True,0.0,144.0,106.0,6.0,0.0,,
care,Care.com / childcare,care_d_0.40,d_I=d_J=0.40,False,common density d_I = d_J,0.4,100,0.1,0.4,0.4,8,Centralized matching,8700,87.0,100.0,100.0,1.0,0.0,1.0,1.5905999971437268,Both sides search,True,,,,,,87.0,1375.0
care,Care.com / childcare,care_d_0.02,d_I=d_J=0.02,True,common density d_I = d_J,0.02,100,0.1,0.02,0.02,9,Customers search,3140,31.4,59.60000000000009,61.20000000000009,0.9738562091503268,0.02614379084967322,1.0,9.204000001773238,Both sides search,False,,2894.0,246.0,146.0,,,
care,Care.com / childcare,care_d_0.02,d_I=d_J=0.02,True,common density d_I = d_J,0.02,100,0.1,0.02,0.02,9,Providers search,2792,27.92,61.20000000000009,61.20000000000009,1.0,0.0,1.0,8.64210000145249,Both sides search,False,,2600.0,192.0,92.0,,,
care,Care.com / childcare,care_d_0.02,d_I=d_J=0.02,True,common density d_I = d_J,0.02,100,0.1,0.02,0.02,9,Both sides search,562,5.62,61.20000000000009,61.20000000000009,1.0,0.0,1.0,1.203300002089236,Both sides search,False,0.4,0.0,355.0,255.0,207.0,,
care,Care.com / childcare,care_d_0.02,d_I=d_J=0.02,True,common density d_I = d_J,0.02,100,0.1,0.02,0.02,9,Centralized matching,10000,100.0,7.0,61.20000000000009,0.11437908496732009,0.8856209150326799,0.07,1.5268999995896593,Both sides search,False,,,,,,100.0,7.0
care,Care.com / childcare,care_d_0.05,d_I=d_J=0.05,False,common density d_I = d_J,0.05,100,0.1,0.05,0.05,9,Customers search,1149,11.49,70.00000000000003,70.00000000000003,1.0,0.0,1.0,3.3685999951558188,Both sides search,False,,902.0,247.0,147.0,,,
care,Care.com / childcare,care_d_0.05,d_I=d_J=0.05,False,common density d_I = d_J,0.05,100,0.1,0.05,0.05,9,Providers search,942,9.42,70.00000000000003,70.00000000000003,1.0,0.0,1.0,2.9202000005170703,Both sides search,False,,754.0,188.0,88.0,,,
care,Care.com / childcare,care_d_0.05,d_I=d_J=0.05,False,common density d_I = d_J,0.05,100,0.1,0.05,0.05,9,Both sides search,729,7.29,70.00000000000003,70.00000000000003,1.0,0.0,1.0,0.7039999982225709,Both sides search,False,0.4,0.0,201.0,101.0,528.0,,
care,Care.com / childcare,care_d_0.05,d_I=d_J=0.05,False,common density d_I = d_J,0.05,100,0.1,0.05,0.05,9,Centralized matching,10000,100.0,25.0,70.00000000000003,0.357142857142857,0.642857142857143,0.25,1.539299999421928,Both sides search,False,,,,,,100.0,30.0
care,Care.com / childcare,care_d_0.10,d_I=d_J=0.10,False,common density d_I = d_J,0.1,100,0.1,0.1,0.1,9,Customers search,976,9.76,82.79999999999998,82.79999999999998,1.0,0.0,1.0,2.864099995349534,Both sides search,False,,741.0,235.0,135.0,,,
care,Care.com / childcare,care_d_0.10,d_I=d_J=0.10,False,common density d_I = d_J,0.1,100,0.1,0.1,0.1,9,Providers search,958,9.58,82.8,82.79999999999998,1.0000000000000002,-2.220446049250313e-16,1.0,2.9632000005221926,Both sides search,False,,760.0,198.0,98.0,,,
care,Care.com / childcare,care_d_0.10,d_I=d_J=0.10,False,common density d_I = d_J,0.1,100,0.1,0.1,0.1,9,Both sides search,1227,12.27,82.79999999999998,82.79999999999998,1.0,0.0,1.0,0.6294999984675087,Both sides search,False,0.4,0.0,174.0,74.0,1053.0,,
care,Care.com / childcare,care_d_0.10,d_I=d_J=0.10,False,common density d_I = d_J,0.1,100,0.1,0.1,0.1,9,Centralized matching,10000,100.0,57.0,82.79999999999998,0.6884057971014494,0.31159420289855055,0.57,1.5705000041634776,Both sides search,False,,,,,,100.0,115.0
care,Care.com / childcare,care_d_0.20,d_I=d_J=0.20,False,common density d_I = d_J,0.2,100,0.1,0.2,0.2,9,Customers search,1126,11.26,98.0,97.99999999999999,1.0000000000000002,-2.220446049250313e-16,1.0,3.3819999953266233,Both sides search,False,,827.0,299.0,199.0,,,
care,Care.com / childcare,care_d_0.20,d_I=d_J=0.20,False,common density d_I = d_J,0.2,100,0.1,0.2,0.2,9,Providers search,1142,11.42,98.0,97.99999999999999,1.0000000000000002,-2.220446049250313e-16,1.0,3.613300003053155,Both sides search,False,,865.0,277.0,177.0,,,
care,Care.com / childcare,care_d_0.20,d_I=d_J=0.20,False,common density d_I = d_J,0.2,100,0.1,0.2,0.2,9,Both sides search,2472,24.72,98.0,97.99999999999999,1.0000000000000002,-2.220446049250313e-16,1.0,1.3674000001628883,Both sides search,False,0.4,0.0,391.0,291.0,2081.0,,
care,Care.com / childcare,care_d_0.20,d_I=d_J=0.20,False,common density d_I = d_J,0.2,100,0.1,0.2,0.2,9,Centralized matching,10000,100.0,96.0,97.99999999999999,0.979591836734694,0.020408163265306034,0.96,1.665200004936196,Both sides search,False,,,,,,100.0,440.0
care,Care.com / childcare,care_d_0.40,d_I=d_J=0.40,False,common density d_I = d_J,0.4,100,0.1,0.4,0.4,9,Customers search,286,2.86,100.0,100.0,1.0,0.0,1.0,0.8717999953660183,Both sides search,True,,179.0,107.0,7.0,,,
care,Care.com / childcare,care_d_0.40,d_I=d_J=0.40,False,common density d_I = d_J,0.4,100,0.1,0.4,0.4,9,Providers search,293,2.93,100.0,100.0,1.0,0.0,1.0,0.9299999946961179,Both sides search,True,,189.0,104.0,4.0,,,
care,Care.com / childcare,care_d_0.40,d_I=d_J=0.40,False,common density d_I = d_J,0.4,100,0.1,0.4,0.4,9,Both sides search,286,2.86,100.0,100.0,1.0,0.0,1.0,0.8783000012044795,Both sides search,True,0.0,179.0,107.0,7.0,0.0,,
care,Care.com / childcare,care_d_0.40,d_I=d_J=0.40,False,common density d_I = d_J,0.4,100,0.1,0.4,0.4,9,Centralized matching,8700,87.0,100.0,100.0,1.0,0.0,1.0,1.5867999973124824,Both sides search,True,,,,,,87.0,1389.0
